ms,pressure
46,100.05778293181
58,98.9027904208003
70,98.6248510464931
82,98.5136752967702
94,98.3839702554269
106,98.3036766584048
118,98.1801480476016
130,98.1307366032803
142,98.0442665757181
154,98.0133844230173
166,98.0257372840976
178,97.9083851038346
190,97.883679381674
202,97.846620798433
214,97.8157386457322
226,97.8404443678929
238,97.7972093541117
250,97.7910329235716
262,97.8157386457322
274,97.7477979097905
286,97.7477979097905
298,97.7601507708708
310,97.7169157570897
322,97.7045628960093
334,97.7354450487101
346,97.6860336043889
358,97.6551514516881
370,97.6860336043889
382,97.6736807433086
394,97.6675043127684
406,97.6366221600676
418,97.692210034929
430,97.6427985906078
442,97.6551514516881
454,97.6736807433086
466,97.6427985906078
478,97.6798571738487
490,97.6427985906078
502,97.5810342852062
514,97.6304457295274
526,97.6180928684471
538,97.6551514516881
550,97.611916437907
562,97.5933871462865
576,97.6613278822282
606,97.6057400073668
618,97.5625049935857
630,97.6180928684471
642,97.6180928684471
654,97.6304457295274
666,97.611916437907
678,97.574857854666
690,97.5501521325054
702,97.6057400073668
714,97.5686814241258
726,97.5501521325054
738,97.5501521325054
750,97.6057400073668
762,97.574857854666
774,97.5810342852062
786,97.5501521325054
798,97.5007406881841
810,97.5625049935857
822,97.537799271425
834,97.5439757019652
846,97.4636821049431
858,97.4760349660234
870,97.4760349660234
882,97.420447091162
894,97.4451528133227
906,97.3710356468407
918,97.3833885079211
930,97.2845656192785
942,97.2907420498187
954,97.2475070360376
966,97.1610370084753
978,97.1919191611761
990,97.0560376892926
1002,96.8954504952485
1014,96.605158259861
1026,96.3272188855538
1038,95.9936916363852
1050,95.5057536237126
1062,94.8386991253754
1074,94.1531153354177
1086,93.3069443514159
1098,92.2075397152675
1110,91.13901723182
1122,90.3546105532197
1138,89.7246146381235
1168,88.6684450157562
1180,87.7049218514914
1192,87.3158067274613
1204,86.8463980064092
1216,86.4016950075177
1228,85.9199334253853
1240,85.518465440275
1252,85.1911146216465
1264,84.8081759281566
1276,84.4252372346668
1288,84.1349449992793
1300,83.8261234722713
1312,83.5111255147232
1324,83.2949504458176
1336,83.0046582104301
1348,82.7328952666631
1360,82.4920144755969
1372,82.3252508510126
1384,82.0596643377857
1396,81.83731283834
1408,81.6396670610549
1420,81.4852562975509
1432,81.2876105202658
1444,81.1517290483823
1456,81.0096711459586
1468,80.8552603824547
1480,80.6390853135491
1492,80.5711445776073
1504,80.3796752308624
1516,80.249970189519
1528,80.0585008427741
1540,79.9287958014308
1552,79.8052671906276
1564,79.7249735936055
1576,79.6076214133425
1588,79.471739941459
1600,79.3543877611959
1612,79.2061534282321
1624,79.12585983121
1636,78.9343904844651
1648,78.9405669150053
1660,78.7861561515013
1672,78.619392526917
1684,78.5020403466539
1700,78.5020403466539
1730,78.2611595555877
1742,78.001749472901
1754,77.9585144591199
1766,77.8782208620978
1778,77.7855744039955
1790,77.6002814877907
1802,77.5570464740096
1814,77.458223585367
1826,77.3717535578048
1838,77.2791070997024
1850,77.2049899332205
1862,77.1432256278189
1874,77.0567556002567
1886,76.951756281074
1898,76.8652862535117
1910,76.8220512397306
1922,76.7788162259495
1934,76.6305818929857
1946,76.5626411570439
1958,76.4947004211022
1970,76.4823475600218
1982,76.3526425186785
1994,76.2476431994958
2006,76.1117617276123
2018,76.0870560054516
2030,76.0499974222107
2042,75.9202923808673
2054,75.9388216724878
2066,75.8955866587067
2078,75.8152930616846
2090,75.7041173119618
2102,75.6608822981807
2114,75.6176472843995
2126,75.5991179927791
2138,75.518824395757
2150,75.4200015071144
2162,75.4138250765743
2174,75.3767664933333
2186,75.3026493268514
2198,75.2594143130703
2210,75.2223557298293
2222,75.2408850214498
2234,75.2223557298293
2246,75.1914735771285
2262,75.1050035495663
2292,75.0432392441647
2304,75.0308863830844
2316,74.9691220776828
3948,100.002195056949
4570,96.6545697041823
4582,93.9554695581326
4594,93.2081214627733
4606,92.2198925763478
4618,89.8296139573062
4630,87.3590417412425
4642,85.5864061762167
4654,83.8570056249721
4666,82.1399579348078
4678,80.4723216889648
4690,79.2679177336337
4702,78.5143932077343
4714,78.0326316256018
4726,77.612634348871
4738,77.2914599607827
4750,77.0752848918771
4762,76.951756281074
4774,76.8344041008109
4786,76.760286934329
4798,76.6738169067668
4810,76.5935233097447
4822,76.4947004211022
4834,76.451465407321
4846,76.3835246713793
4858,76.3649953797588
4870,76.2538196300359
4882,76.2414667689556
4894,76.1920553246344
4906,76.0747031443713
4918,76.0561738527508
4930,75.9820566862689
4942,75.9141159503272
4954,75.8708809365461
4966,75.7597051868232
4978,75.7597051868232
4990,75.7102937425019
5002,75.5805887011586
5014,75.5126479652168
5026,75.4632365208955
5038,75.4261779376546
5052,75.2717671741506
5082,75.1729442855081
5094,75.0432392441647
6722,100.029403806025
7344,97.2871660585714
7356,93.9705406748273
7368,93.0441090033905
7380,91.2900650388033
7392,86.867897860478
7404,81.7045853450031
7416,79.2464533101239
7428,78.0667969818276
7440,77.3194754335352
7452,76.5412728295282
7464,75.991590037809
7476,75.6024887358056
7488,75.3739689235178
7500,75.2072112226591
7512,75.0342773106576
7524,74.8984006655135
7546,75.0065266942888
7558,78.1513348980176
7570,87.2397688227429
7582,94.3202210849694
7594,98.1137618258133
7606,99.3061940130818
7618,99.6398278893123
7630,99.7819312069661
7642,99.9054993092737
7654,99.9734617655429
7666,100.010532196235
7808,95.8922185052748
7820,93.872453975743
7834,91.1979645528461
7864,81.4759175513688
7876,78.727308329223
7888,78.0972900356076
7900,77.5352148913036
7912,77.1090260456226
7924,76.7816635989401
7936,76.5098910016942
7948,76.3740047030713
7960,76.1763519050743
7972,75.9972290568895
7984,75.9416392074528
7996,75.8489894583917
8008,75.6575133103321
8020,75.6513366603947
8032,75.6204534107077
8044,75.503097061897
8056,75.4166239627733
8068,75.3610341133366
8080,75.3857407130863
8092,75.2869143140878
8104,75.2066178649015
8116,75.1572046654022
8128,75.1448513655274
8140,75.0522016164663
8152,74.9780818172174
8174,75.1390613374457
8186,75.7878169112716
8198,85.1978620440036
8210,92.0005276324067
8222,97.0299279856857
8234,99.0935885729033
8246,99.631128905502
8258,99.8226662653934
8270,99.9091670085702
8282,99.995667751747
8294,100.032739498823
8436,95.8304520059007
8448,93.7118610773704
8460,89.5055624699968
8472,82.0441693456101
8484,79.0423174760307
8496,77.9305204872976
8508,77.4919783417418
8520,77.0287295964363
8532,76.6519539502545
8544,76.3184148536346
8556,76.0898788059506
8568,75.9169326077032
8580,75.8551661083291
8592,75.6698666102069
8604,75.6266300606451
8616,75.5710402112084
8628,75.3795640631488
8640,75.2869143140878
8652,75.13867471559
8684,75.3463389756347
8696,75.9888931076343
8708,85.6272050876285
8720,92.627338083355
8732,97.4959213142752
8744,99.2382315568126
8756,99.6954335353508
8768,99.8313584478891
8780,99.9302129297352
8792,99.9981753860044
8804,100.029067411581
8950,95.6080926081541
8980,90.086167564113
8992,79.0361408260933
9004,77.905813887548
9016,77.4178585424929
9028,77.0534361961859
9040,76.6643072501293
9052,76.3307681535094
9064,76.1145854057002
9076,75.9663458072024
9088,75.9231092576406
9100,75.7810463090803
9112,75.5895701610207
9124,75.5154503617718
9136,75.4413305625229
9148,75.2745610142129
9160,75.2251478147137
9172,75.1263214157152
9184,75.1448513655274
9196,75.0398483165915
9222,75.1918788477502
9234,75.8838602206728
9246,85.4480313392825
9258,92.4296291196628
9270,97.3785316170829
9282,99.2320531516972
9294,99.6768983200046
9306,99.8375368530045
9318,99.9363913348506
9330,100.022889006466
9472,95.4722063095312
9484,93.3783219807505
9496,87.2757918425932
9512,80.2961774133242
9542,77.3005021936822
9554,76.5716575010682
9566,76.2875316039476
9578,75.960169157265
9590,75.7872229590177
9602,75.6698666102069
9614,75.6142767607703
9626,75.3795640631488
9638,75.2683843642755
9650,75.1572046654022
9662,75.0336716666541
9686,75.250276578673
9698,75.9855328956757
9710,85.6550802579381
9722,92.7852129455105
9734,97.6292545634106
9746,99.2913045573074
9758,99.7238082731914
9770,99.8659166369818
9782,99.9585960046712
9794,100.020382249798
9936,95.5216195090304
9948,93.3042021815016
9960,87.2449085929061
9972,80.1541144647638
9984,77.9490504371098
9996,77.176969194934
10008,76.8990199477508
10020,76.4851844019446
10032,76.2010585048239
10044,75.8675194082039
10056,75.6945732099566
10068,75.6204534107077
10090,75.4166239627733
10112,75.1139681158404
10142,75.2969117347117
10154,75.9703578922882
10166,85.8249140513207
10178,92.8991879084318
10190,97.687451872852
10202,99.3185508233125
10214,99.7325039660431
10226,99.8807856888122
10238,99.9611049553121
10250,100.016710601351
10392,95.4969129092808
10404,93.2918488816268
10416,86.8310730470999
10428,79.913225117205
10440,77.769927588925
10452,77.0040229966867
10464,76.7137204496286
10476,76.3431214533842
10488,75.9972290568895
10500,75.7069265098314
10512,75.6698666102069
10524,75.5401569615214
10536,75.3486808134618
10548,75.1942645650267
10560,75.1201447657778
10572,75.0274950167167
10596,75.1424516068271
10608,75.8282545746344
10620,85.7384163797054
10632,92.8188686419318
10654,98.2435083332363
10676,99.862250473466
10688,99.9302129297352
10700,100.016710601351
10842,95.5525027587174
10854,93.1991991325657
10866,85.9972253055501
10878,79.5055662213362
10890,77.4858016918044
10902,76.8372534483767
10914,76.4851844019446
10926,76.1145854057002
10938,75.8675194082039
10950,75.6204534107077
10962,75.3795640631488
10974,75.2992676139626
10986,75.2313244646511
10998,75.0583782664037
11024,75.1452399619583
11036,75.8619604054231
11048,85.9763687325947
11060,93.0879655466292
11072,97.8146132987894
11084,99.3716266759716
11096,99.7547013957545
11108,99.896809759545
11120,99.9771318782091
11132,100.020382249798
11274,95.4686950404717
11286,93.2266507543938
11298,86.1299320637507
11310,79.7002678714449
11322,77.5570464740096
11334,76.7788162259495
11346,76.4576418378612
11358,76.1426438803131
11370,75.8399987838453
11382,75.6052944233192
11394,75.4694129514357
11406,75.364413632253
11418,75.1544149938876
11448,75.2042356579809
11460,75.951822676942
11472,85.7445947848207
11484,92.8312254521626
11496,97.7615927342365
11508,99.3494428488894
11520,99.76339599162
11532,99.8684288785814
11544,99.9796401706583
11556,100.022889006466
11698,95.3795565604701
11710,93.2856722316894
11722,85.9972253055501
11734,79.6785124195836
11744,77.6463945901769
11758,76.9113732476256
11788,76.2504717043231
11800,75.6698666102069
11812,75.5586869113336
11824,75.3425041635244
11836,75.2127945148389
11848,75.1139681158404
11860,75.0522016164663
11892,75.0593468373602
11904,75.7327690806368
11916,85.4016297295166
11928,92.6609979483241
11940,97.6035465228314
11952,99.3025475953182
11964,99.7473769670239
11976,99.8771188671047
11988,99.9636134671586
12000,100.02539532434
12142,95.4660296595938
12154,93.1065493835046
12166,85.2992638626232
12178,79.3140900732766
12208,76.879061399055
12220,80.8020700128184
12232,91.2984347920057
12244,97.7667655299746
12256,99.4039266050098
12268,99.7313588200168
12280,99.8549181464345
12292,99.9784774728523
12304,100.015545270778
12446,95.8736885554626
12458,94.558062118795
12470,91.9700457950219
12482,87.1954953934069
12494,85.1201410144384
12506,84.6630689190703
12518,84.6136557195711
12530,84.4530628211985
12542,84.292469922826
12554,84.2677633230764
12566,84.2492333732641
12578,84.3048232227008
12590,84.2615866731389
12602,84.1998201737649
12614,84.2554100232015
12626,84.2492333732641
12638,84.1689369240779
12650,84.1998201737649
12662,84.2245267735145
12674,84.2183501235771
12686,84.1751135740153
12698,84.1751135740153
12710,84.1998201737649
12722,84.1504069742656
12734,84.1627602741404
12746,84.2492333732641
12758,84.1751135740153
12770,84.1504069742656
12782,84.1751135740153
12794,84.1380536743908
12806,84.1071704247038
12818,84.1627602741404
12830,84.1627602741404
12842,84.094817124829
12854,84.0824638249542
12866,84.1195237245786
12888,84.0639338751419
12910,84.1071704247038
12922,84.0639338751419
12934,84.0392272753923
12956,84.3358667483658
12968,85.0216210099843
12980,90.8597991832227
12992,96.8894943124087
13004,99.0888503226445
13016,99.6942910220914
13028,99.8672740790763
13040,99.9537656075687
13052,100.015545270778
13194,96.7631261464491
13206,94.8421880159157
13218,91.8218061965241
13230,87.4055014912787
13242,85.8983989065516
13254,85.3980902616217
13266,85.1572009140628
13278,84.7680719680063
13290,84.6260090194459
13302,84.3912963218245
13314,84.3109998726382
13326,84.1442303243282
13338,84.0639338751419
13350,83.8477511273327
13362,83.7427480783968
13374,83.6130384297113
13386,83.532741980525
13398,83.4215622816517
13410,83.3968556819021
13422,83.3289125325906
13438,83.1744962841555
13468,83.0571399353447
13480,82.9830201360959
13492,82.9706668362211
13504,82.87801708716
13516,82.8347805375981
13528,82.8409571875355
13540,82.7544840884118
13552,82.7359541385996
13564,82.6433043895385
13576,82.7236008387248
13588,82.5321246906652
13600,82.6371277396011
13612,82.5074180909156
13624,82.5383013406026
13636,82.4394749416041
13648,82.4271216417293
13660,82.3777084422301
13672,82.3838850921675
13694,82.519544650025
13706,83.3350362043821
13718,88.7036889372331
13730,95.8083502062534
13742,98.8046638718837
13754,99.607799493599
13766,99.8549181464345
13778,99.9414096749269
13790,100.021723237098
13892,96.3925271502047
13904,94.329526071111
13916,89.8082183169297
13928,85.571036459869
13940,84.3295298224504
13952,83.7798079780213
13964,83.5080353807754
13976,83.1250830846562
13986,82.9212536367218
14000,82.6494810394759
14030,82.4703581912912
14042,82.1862322941705
14054,82.0812292452346
14066,81.8712231473628
14078,81.7723967483642
14090,81.753866798552
14102,81.556214000555
14114,81.5376840507428
14126,81.4388576517443
14138,81.3215013029336
14150,81.358561202558
14162,81.1547317546236
14174,81.1547317546236
14186,81.1053185551244
14198,80.9817855563763
14210,81.0188454560007
14222,80.8335459578785
14234,80.870605857503
14246,80.8026627081915
14258,80.6729530595059
14270,80.8335459578785
14282,80.6235398600067
14294,80.6111865601319
14306,80.6235398600067
14318,80.4505936617593
14330,80.5308901109456
14342,80.4135337621349
14354,80.4135337621349
14366,80.3455906128234
14378,80.3147073631364
14400,80.5114856520931
14412,81.2776078864003
14424,86.8319940851278
14436,94.5179300486616
14448,98.2991139792747
14460,99.5286165972355
14472,99.8375368530045
14484,99.942569739966
14496,100.00435379112
14602,95.2683768615968
14614,92.5321209393258
14626,85.8366324071775
14638,82.9274302866592
14650,82.0503459955475
14662,81.5623906504924
14674,81.327677952871
14686,81.0373754058129
14698,80.7717794585045
14710,80.5494200607578
14722,80.4382403618845
14734,80.3455906128234
14746,80.1602911147012
14758,80.0429347658905
14770,79.944108366892
14782,79.9070484672676
14794,79.7217489691454
14806,79.6290992200843
14818,79.6290992200843
14830,79.5858626705225
14842,79.4993895713988
14854,79.351149972901
14866,79.320266723214
14878,79.3264433731514
14890,79.1967337244659
14902,79.1287905751544
14914,79.1102606253422
14926,79.09173067553
14938,79.0176108762811
14950,78.8817245776582
14962,78.8323113781589
14974,78.9126078273452
14986,78.8076047784093
14998,78.6531885299741
15010,78.6593651799115
15022,78.7334849791604
15034,78.5914220306001
15046,78.5049489314764
15058,78.5173022313512
15070,78.5234788812886
15082,78.4246524822901
15102,78.5005962823609
15116,79.1431275970468
15146,89.3927377034312
15158,98.5920562377328
15170,99.5991005097887
15182,99.8771188671047
15194,99.9697916528767
15206,100.031573510058
15308,95.8675119055252
15320,93.4647950798742
15332,86.33076440217
15344,82.0071094459857
15356,80.6976596592556
15368,80.0985246153272
15380,79.7835154685195
15392,79.4932129214614
15404,79.2955601234644
15416,79.1349672250918
15428,78.9620210268444
15440,78.8014281284719
15452,78.6284819302245
15464,78.4493590820397
15476,78.3381793831664
15488,78.3072961334794
15500,78.1837631347313
15512,78.1714098348564
15524,78.1158199854198
15536,78.0911133856702
15548,78.0046402865465
15560,77.9737570368595
15572,77.8625773379861
15584,77.7575742890502
15596,77.6340412903021
15608,77.5908047407403
15620,77.5166849414914
15632,77.5475681911784
15644,77.5290382413662
15656,77.4302118423677
15668,77.3931519427433
15690,77.2572656441203
15712,77.2325590443707
15724,77.1707925449966
15736,77.0287295964363
15760,77.2587809530159
15772,77.9260250105744
15784,83.6593813570028
15796,92.0184666336382
15808,97.0289752510449
15820,99.2407657381369
15832,99.753555152742
15844,99.9203661671316
15856,99.9883262100311
15868,100.050108067212
15970,95.7625088565892
15982,93.2980255315642
15994,85.8983989065516
16006,81.130025154874
16038,79.2205106346712
16050,81.4322225775489
16062,92.379578898161
16074,98.0571299470563
16086,99.4965960998231
16098,99.8116723821883
16110,99.9290537422852
16122,100.015545270778
16224,95.9354550548366
16240,94.7001250673554
16270,87.7266872880238
16282,85.9416354561134
16294,85.8428090571149
16306,85.676039508805
16318,85.5833897597439
16330,85.5648598099316
16342,85.571036459869
16354,85.571036459869
16366,85.6019197095561
16378,85.5463298601194
16390,85.5648598099316
16402,85.5277999103072
16414,85.5957430596187
16426,85.5463298601194
16438,85.5772131098065
16450,85.5277999103072
16462,85.571036459869
16474,85.6080963594935
16486,85.6142730094309
16498,85.5833897597439
16510,85.5957430596187
16522,85.6142730094309
16534,85.6451562591179
16546,85.6513329090553
16558,85.6575095589927
16570,85.5895664096813
16582,85.5772131098065
16594,85.6080963594935
16606,85.6080963594935
16618,85.6389796091805
16630,85.6389796091805
16642,85.6019197095561
16654,85.5895664096813
16666,85.6019197095561
16678,85.6080963594935
16690,85.5895664096813
16702,85.6266263093057
16724,85.8833661885679
16736,86.6432290601756
16748,91.2950724936768
16760,97.3986864542335
16772,99.3076102536384
16784,99.7709412729114
16796,99.9377404398497
16818,100.024228896781
16920,97.127548492756
16932,95.3116134111586
16944,92.884189985758
16956,89.4870325201846
16968,88.0540497347063
16980,87.6093309392131
16992,87.3252050420924
17004,86.9731359956603
17016,86.7754831976633
17028,86.5963603494785
17040,86.361647651857
17052,86.1887014536097
17064,86.0960517045486
17076,85.9169288563638
17088,85.7501593080538
17100,85.7007461085546
17112,85.5833897597439
17124,85.4475034611209
17136,85.3733836618721
17148,85.2622039629987
17160,85.1324943143132
17172,85.1510242641254
17184,85.1263176643758
17196,84.9904313657529
17208,84.9286648663788
17220,84.9595481160658
17232,84.8730750169422
17244,84.7989552176933
17256,84.7927785677559
17268,84.7063054686322
17280,84.6445389692581
17292,84.6445389692581
17304,84.6445389692581
17316,84.5395359203222
17328,84.5148293205726
17340,84.5086526706352
17352,84.4530628211985
17368,84.4160029215741
17398,84.4283562214489
17420,84.5551505999852
17432,85.4385684100658
17444,90.2633887574289
17456,96.7932672557168
17468,99.1655220743947
17480,99.7338747913696
17492,99.9006739583079
17504,99.9748069213916
17516,100.055117631399
17618,96.8089804676862
17630,94.9251691529376
17642,91.1451936623601
17654,87.6678632682504
17666,86.3522835631965
17678,85.8149341062026
17690,85.518465440275
17702,85.2528789270481
17714,84.9749395527409
17726,84.7772937754558
17738,84.5364129843896
17750,84.5055308316888
17762,84.2646500406226
17774,84.2337678879218
17786,84.0052399579359
17798,83.9125934998335
17810,83.77671202795
17822,83.7581827363295
17834,83.6778891393075
17846,83.4925962231027
17858,83.5111255147232
17870,83.3381854595987
17882,83.3814204733798
17894,83.2455390014963
17906,83.2640682931168
17916,83.233186140416
17930,83.0849518074522
17960,83.0478932242112
17972,82.924364613408
17984,82.9737760577293
17996,82.7946595720647
18008,82.844071016386
18020,82.7328952666631
18032,82.8008360026049
18044,82.7452481277434
18056,82.6402488085607
18068,82.7081895445025
18080,82.535249489378
18092,82.6155430864001
18104,82.5290730588378
18126,82.791375168144
18138,83.4956633287252
18150,88.6048414760989
18162,95.610655283985
18174,98.7614181076375
18186,99.6510452578452
18198,99.8796300117181
18210,99.9784774728523
18222,100.03407916974
18324,96.6395931477009
18336,94.4777656696088
18348,89.6229188188075
18360,85.8675156568646
18372,84.4777694209482
18384,84.0330506254549
18396,83.6377450294609
18408,83.4400922314639
18420,83.0941998349692
18432,82.8965470369722
18444,82.7050708889126
18456,82.5259480407278
18468,82.3715317922926
18478,82.2974119930438
18492,82.1862322941705
18522,81.9391662966742
18534,81.7353368487398
18546,81.8032799980513
18558,81.6488637496161
18570,81.5994505501169
18582,81.5129774509932
18594,81.4203277019321
18606,81.4635642514939
18618,81.3215013029336
18630,81.3832678023077
18642,81.2412048537473
18654,81.1979683041855
18666,81.130025154874
18678,81.1053185551244
18690,81.0682586554999
18702,81.0064921561259
18714,81.0003155061885
18726,80.8397226078159
18738,80.9879622063137
18750,80.8211926580037
18762,80.8582525576281
18774,80.7223662590052
18786,80.765602808567
18798,80.7223662590052
18810,80.6791297094434
18832,80.9162668981513
18844,81.6020455128642
18856,86.6805141731704
18868,94.3105735350659
18880,98.276968766108
18892,99.5434968383255
18904,99.8585843099503
18916,99.9697916528767
18928,100.031573510058
19030,96.5001589406783
19040,94.0604688773153
19054,88.6066807103546
19084,82.8934824607072
19096,81.7940778245589
19108,81.5964320472738
19120,81.2443755064847
19132,80.9664361321775
19144,80.867613243535
19156,80.6452617440892
19168,80.5155567027459
19180,80.4167338141033
19192,80.404380953023
19204,80.1449708703363
19216,80.0893829954749
19228,80.0832065649347
19240,79.9411486625111
19252,79.8361493433284
19264,79.860855065489
19276,79.8052671906276
19288,79.6632092882039
19300,79.6137978438826
19312,79.6385035660433
19324,79.5087985246999
19336,79.4408577887582
19348,79.3914463444369
19360,79.3482113306558
19372,79.2617413030935
19384,79.2864470252542
19396,79.2864470252542
19408,79.1135069701297
19420,79.1382126922904
19432,79.1320362617502
19444,79.0023312204068
19456,78.9838019287864
19468,79.008507650947
19480,78.8973319012241
19492,78.7676268598808
19504,78.891155470684
19516,78.8602733179832
19538,79.0937021113018
19550,79.6806297545245
19562,84.8394148291664
19574,93.0316890914122
19586,97.6282592657039
19598,99.4261113096809
19610,99.8029806384871
19632,99.9759698385948
19654,100.099533552958
19756,96.2778074412325
19768,93.9245874054318
19780,87.8531561844552
19792,83.4802433620224
19804,81.5408441724123
19816,80.8058489381334
19828,80.4970274111254
19840,80.1943823146576
19852,79.9349722319709
19864,79.6632092882039
19876,79.4037992055172
19888,79.12585983121
19900,79.0208605120273
19912,78.9035083317643
19924,78.8417440263627
19936,78.7861561515013
19948,78.6502746796178
19960,78.4711581939531
19972,78.3908645969311
19984,78.3291002915295
19996,78.2364538334271
20008,78.2488066945074
20020,78.2117481112665
20032,78.1129252226239
20044,78.0202787645215
20056,77.8596915704774
20068,77.8658680010175
20080,77.8473387093971
20092,77.8041036956159
20104,77.7732215429151
20116,77.6620457931923
20128,77.6064579183308
20140,77.5817521961702
20152,77.5261643213088
20164,77.5632229045497
20176,77.5199878907686
20198,77.4088121410457
20220,77.2729306691622
20232,77.1864606416
20244,77.2111663637606
20266,77.3638101102242
20278,78.0804796535278
20290,83.3875411854049
20302,91.4686081047243
20314,96.7633132651651
20326,99.2036966238281
20338,99.7659115241783
20350,99.9327225385679
20362,99.9945043957492
20374,100.056286252931
20476,95.8736885554626
20488,93.1744925328161
20500,85.3177938124354
20512,81.0806119553748
20544,79.3102434618145
20556,81.3859664281577
20568,92.2464455199175
20580,97.9732169181321
20592,99.5176536490422
20604,99.8265409952242
20616,99.9439181867734
20628,100.030406643704
20730,96.1481023998892
20742,94.5175247372871
20764,89.514615999758
20786,85.364054676771
20798,85.2158203438072
20810,85.0984681635441
20822,84.9996452749016
20834,84.9811159832811
20846,84.9069988167992
20858,84.8637638030181
20870,84.8452345113976
20882,84.8575873724779
20894,84.8514109419378
20906,84.8452345113976
20918,84.8081759281566
20930,84.783470205996
20942,84.7278823311346
20954,84.7958230670763
20966,84.8575873724779
20978,84.7896466365362
20990,84.7525880532952
21002,84.7649409143755
21014,84.820528789237
21026,84.8267052197771
21038,84.7711173449157
21050,84.746411622755
21062,84.7649409143755
21074,84.8019994976165
21086,84.7772937754558
21098,84.746411622755
21110,84.746411622755
21122,84.7711173449157
21134,84.7772937754558
21146,84.7587644838354
21158,84.7217059005944
21170,84.6970001784338
21182,84.7278823311346
21194,84.783470205996
21206,84.7402351922149
21218,84.6599415951928
21240,84.9104176162084
21252,85.7876888337743
21264,90.4335195070815
21276,96.8771383797669
21288,99.2062316827414
21300,99.7684266179421
21314,99.9228757759643
21344,100.040257136061
21446,97.1512894134273
21458,95.2243115368386
21470,92.1485583876681
21482,88.9554572267824
21494,87.287880218196
21506,86.725845004191
21518,86.4479155027599
21530,86.1391049456143
21542,85.8179419661828
21554,85.6203032096096
21566,85.4411930864652
21578,85.3300212858927
21590,85.237378118749
21602,85.0026820953184
21614,84.8359243944597
21626,84.7679860718877
21638,84.6506380601724
21650,84.5765235264574
21662,84.4838803593137
21674,84.323298869598
21686,84.3109464473122
21698,84.2059508578827
21710,84.1380125353106
21722,84.1688935910252
21734,84.0206645235953
21746,83.9650786233091
21758,83.9650786233091
21770,83.8600830338796
21782,83.8786116673083
21794,83.8539068227366
21806,83.7056777553068
21818,83.7303825998784
21830,83.7118539664497
21842,83.5636248990198
21854,83.6315632215918
21866,83.545096265591
21888,83.5080389987336
21912,83.4709817318761
21924,83.3906909870182
21946,83.6223108145155
21958,84.369818192276
21970,89.2008162865628
21982,95.8666052171707
21994,98.8937012097545
22006,99.6844528159805
22018,99.8944962113842
22030,99.9871624152388
22042,100.042762137552
22144,96.8089804676862
22156,94.7028176534919
22168,90.3854927059205
22180,86.8525744369494
22192,85.5061125791946
22204,85.0119981359819
22216,84.6228830119519
22228,84.3881786514258
22240,84.085533554958
22252,83.9187699303737
22264,83.6840655698476
22276,83.5605369590444
22288,83.3690676122995
22300,83.3320090290586
22312,83.1034810990727
22324,83.0602460852915
22336,82.8626003080064
22348,82.8687767385466
22360,82.7267188361229
22372,82.7143659750426
22384,82.4796616145166
22396,82.5414259199182
22408,82.3561330037134
22420,82.4240737396551
22432,82.2696629761511
22454,82.22642796237
22476,82.1276050737275
22488,82.0040764629243
22500,82.0658407683259
22512,81.9484885880629
22524,81.9608414491432
22536,81.8558421299605
22548,81.8743714215809
22560,81.8187835467195
22572,81.7693721023982
22584,81.7137842275368
22596,81.645843491595
22608,81.6705492137557
22620,81.6211377694344
22632,81.6273141999746
22654,81.8491729415895
22666,82.5473079277387
22678,87.3415800450107
22690,94.7862938353622
22702,98.4808488948064
22714,99.5929223240705
22726,99.8832970528228
22738,99.982148024313
22750,100.031573510058
22852,96.3307606508306
22864,94.0639301238025
22876,88.1590527836422
22888,84.7248354184444
22900,83.3968556819021
22912,82.9830201360959
22924,82.6185977897889
22936,82.3035886429812
22948,82.1738789942956
22960,81.8156332979261
22972,81.7600434484894
22984,81.6118038499917
22996,81.3215013029336
23018,81.2473815036847
23040,80.963255606564
23052,80.9261957069396
23064,80.8088393581289
23076,80.7532495086922
23088,80.765602808567
23100,80.5988332602571
23112,80.5988332602571
23124,80.4629469616341
23136,80.4197104120723
23148,80.4753002615089
23160,80.2529408637623
23172,80.277647463512
23184,80.2344109139501
23196,80.0985246153272
23226,80.2460530439385
23238,81.0306547666912
23250,85.9359600254756
23262,93.8005111519651
23274,98.0571299470563
23286,99.5213079651066
23298,99.8549181464345
23310,99.9722995065314
23322,100.027901203419
23384,96.1269312028962
23396,94.0824600736148
23408,87.8378669868971
23420,84.0639338751419
23432,82.7668373882866
23444,82.1924089441079
23456,81.7909266981765
23468,81.4635642514939
23480,81.1856150043107
23492,80.932372356877
23504,80.6544231096937
23516,80.4876535613838
23528,80.3579439126982
23540,80.2591175136997
23552,80.0367581159531
23582,80.2554387411315
23606,93.8650152139112
23618,98.0041056527503
23630,99.5176536490422
23642,99.8512519829188
23654,99.9624514275443
23666,100.024228896781
23728,96.1825210523329
23740,93.8477473759933
23752,87.1151989442206
23764,83.1621429842806
23794,81.4477438973941
23806,83.6964437775992
23818,93.679682806202
23830,98.4921476597179
23842,99.6164975998204
23854,99.863607476766
23866,99.9686291744679
23878,100.036584390628
23940,96.2654545801522
23952,94.9992863194196
23964,91.3181337174846
23976,87.9952140868789
23988,86.722869395606
24000,86.333754271576
24012,86.0990499110499
24024,85.9631684391664
24036,85.8149341062026
24048,85.6543469121585
24060,85.6234647594577
24072,85.5740533151364
24084,85.5678768845962
24096,85.4937597181143
24108,85.3887603989316
24120,85.3331725240702
24134,85.2961139408292
24164,85.2652317881284
24176,85.1849381911064
24188,85.1478796078654
24200,85.1540560384056
24212,85.172585330026
24224,85.0737624413835
24236,85.1108210246244
24248,85.0984681635441
24260,85.0799388719236
24272,85.055233149763
24284,85.0058217054417
24296,84.9687631222008
24308,85.018174566522
24320,84.9996452749016
24332,84.9317045389598
24344,84.9069988167992
24356,84.8946459557189
24368,84.9069988167992
24380,84.8946459557189
24392,84.8452345113976
24404,84.820528789237
24416,84.7896466365362
24428,84.8514109419378
24450,85.0493703538764
24462,85.846299707026
24474,90.7205420297783
24486,96.9291776880369
24498,99.2334772905547
24510,99.795652260606
24522,99.9439181867734
24534,99.9933401621625
24546,100.086006366017
24608,97.3869677901271
24620,95.4598530096564
24632,92.1491686432066
24644,88.9743705753799
24656,87.5599177397138
24668,87.0163725452221
24680,86.7445999479762
24696,86.3987075514815
24726,86.0466385050493
24738,85.6019197095561
24750,85.5030933105576
24762,85.2869105627484
24774,85.1572009140628
24786,85.0583745150643
24798,84.8298384673803
24810,84.7680719680063
24822,84.718658768507
24834,84.5457125702596
24846,84.5580658701344
24858,84.4283562214489
24870,84.3109998726382
24882,84.3295298224504
24894,84.2121734736397
24906,84.156583624203
24918,84.094817124829
24930,84.0145206756427
24942,84.0268739755175
24954,83.9651074761434
24966,83.8415744773953
24978,83.897164326832
24990,83.7921612778961
25002,83.6871582289602
25014,83.7489247283342
25026,83.699511528835
25038,83.6006851298365
25050,83.6377450294609
25062,83.5821551800243
25074,83.5389186304624
25086,83.5512719303372
25108,83.6593772960573
25120,84.5180841184434
25132,89.299660237341
25144,95.9407381802544
25156,98.9616564259145
25168,99.7153415505987
25180,99.9253849460024
25192,99.9995179090861
25204,100.048939884475
25288,95.326637138048
25300,87.8963911982363
25312,86.2040492302326
25324,85.6666997732388
25336,85.209643913267
25348,84.9749395527409
25360,84.6167065814117
25372,84.4622958179077
25384,84.1411214298194
25396,84.0978864160383
25408,83.8384763333516
25420,83.7396534447091
25432,83.4740669314822
25444,83.4431847787814
25456,83.2270097098758
25468,83.1590689739341
25480,83.0293639325907
25492,82.9737760577293
25504,82.8255417247655
25516,82.807012433145
25528,82.6649545307213
25540,82.6649545307213
25552,82.5105437672174
25564,82.5167201977575
25576,82.3190744204724
25588,82.3499565731732
25600,82.2326043929102
25612,82.2758394066913
25624,82.072017198866
25636,82.1584872264283
25648,81.9731943102235
25660,82.0287821850849
25672,81.8990771437416
25684,81.954665018603
25696,81.8064306856392
25708,81.7879013940187
25720,81.7446663802376
25732,81.7508428107778
25744,81.6890785053762
25766,81.9511717485034
25778,82.6369260101219
25790,87.6349007637196
25802,94.8754772917994
25814,98.5451892864064
25836,99.7313588200168
25858,100.052613068703
25920,96.8248926458231
25932,94.496295619421
25944,88.6531847786347
25956,85.1324943143132
25968,83.9959907258305
25980,83.4215622816517
25992,83.0694932352196
26004,82.8471338374729
26016,82.5012414409782
26028,82.2603520934193
26040,82.2356454936697
26052,81.951519596549
26064,81.8094566479887
26076,81.6982769491154
26088,81.5006241511184
26100,81.4697409014314
26112,81.2720881034344
26124,81.160908404561
26136,81.1423784547488
26148,80.9076657571274
26160,80.8829591573778
26172,80.8273693079411
26184,80.6914830093182
26196,80.7161896090678
26208,80.5988332602571
26220,80.4753002615089
26232,80.5000068612586
26244,80.2900007633868
26256,80.3579439126982
26268,80.2529408637623
26280,80.0985246153272
26308,80.3416956263648
26320,81.1572161411585
26332,86.0441610442026
26344,94.0881588492131
26356,98.2151869089266
26368,99.5805659526342
26380,99.889475238541
26402,100.006860767186
26464,96.296336732853
26476,94.0172338635342
26488,87.4455117688047
26500,83.8075941806508
26512,82.5043673366772
26524,81.9855471713038
26536,81.6705492137557
26548,81.2999633813461
26560,81.0096711459586
26572,80.6452617440892
26584,80.5526152859868
26596,80.3982045224829
26608,80.1820294535773
26640,80.1380615495823
26652,80.8793911804192
26664,87.3783809440888
26676,95.1870530555703
26688,98.7577907774344
26700,99.6782750690568
26712,99.9006739583079
26724,99.9871624152388
26736,100.061295378323
26798,96.1295731082687
26810,93.8504702389499
26822,87.1119845196361
26834,83.1652454044742
26864,81.4261987356975
26876,82.9149828695583
26888,93.4723774121649
26900,98.3588016855421
26912,99.6190173009264
26924,99.8722959295086
26936,99.9958464800364
26952,100.051444227774
27014,96.4322182047365
27026,95.0363449026605
27038,91.373721592346
27050,88.0693312533608
27062,86.7475751177667
27074,86.3214014104957
27086,86.0372856056483
27098,85.8396398283632
27110,85.7469933702609
27122,85.6728762037789
27134,85.6049354678372
27146,85.518465440275
27158,85.481406857034
27170,85.4134661210923
27182,85.4196425516324
27194,85.3146432324497
27206,85.2343496354276
27218,85.1664088994859
27230,85.2528789270481
27242,85.209643913267
27254,85.1231738857048
27266,85.0861153024638
27278,85.0861153024638
27290,85.0799388719236
27302,85.092291733004
27314,85.0058217054417
27326,85.0058217054417
27338,84.9872924138213
27350,84.9934688443614
27362,84.9687631222008
27374,84.9131752473393
27386,84.9069988167992
27398,84.8822930946385
27410,84.8761166640984
27422,84.8390580808574
27434,84.8267052197771
27446,84.8143523586968
27458,84.8514109419378
27470,84.8019994976165
27482,84.7525880532952
27494,84.7958230670763
27526,85.1914585331202
27548,95.2982525001958
27560,98.6404135858852
27572,99.6597418282859
27584,99.9006739583079
27596,99.9871624152388
27608,100.055117631399
27670,97.1178019946942
27682,95.2710492631866
27694,91.6269552444925
27706,88.5696221271137
27718,87.340512449622
27730,86.9328680339714
27742,86.6178700764233
27754,86.2905192577949
27766,86.0496384667287
27778,85.7716990924215
27790,85.6605233426986
27802,85.5864061762167
27814,85.32699609353
27826,85.2219967743473
27838,85.055233149763
27850,84.8637638030181
27862,84.8143523586968
27874,84.7031766089739
27886,84.6043537203314
27898,84.5549422760101
27910,84.357296498725
27922,84.3634729292652
27934,84.3140614849439
27946,84.1843564436005
27958,84.1472978603596
27970,84.0608278327974
27982,83.9558285136146
27994,84.0052399579359
28006,83.9002406387532
28018,83.8570056249721
28030,83.8014177501107
28042,83.6964184309279
28054,83.7211241530886
28066,83.7149477225484
28088,83.6037719728256
28110,83.5173019452633
28122,83.4493612093216
28134,83.4370083482413
28146,83.4617140704019
28158,83.3381854595987
28180,83.6470218022101
28192,84.437773408436
28204,89.2749492496464
28216,95.7492280256215
28228,98.9060567036018
28240,99.7276970444459
28252,99.9377404398497
28264,100.00569565601
28326,96.899012445072
28338,94.7371849669798
28350,89.6723320183068
28362,86.5840070496037
28374,85.6328029592431
28386,85.1016110646262
28398,84.8545450671299
28410,84.4777694209482
28422,84.2801166229512
28434,84.0083440257053
28446,83.9095176267068
28458,83.6933348788976
28470,83.6130384297113
28482,83.3474424824028
28494,83.335089182528
28506,83.0818465350944
28518,83.1621429842806
28530,82.9027236869096
28542,82.8841937370974
28554,82.6741876392256
28566,82.7297774886622
28578,82.5321246906652
28590,82.5630079403522
28602,82.4024150419797
28614,82.3653551423552
28624,82.2665287433567
28638,82.1985855940453
28668,82.118289144859
28680,82.0750525952972
28692,81.8959297471124
28704,81.9329896467368
28716,81.8032799980513
28728,81.8465165476131
28740,81.7168068989276
28752,81.7168068989276
28764,81.6241571498665
28776,81.6735703493657
28788,81.6118038499917
28800,81.6056272000543
28812,81.5376840507428
28834,81.7628089904997
28846,82.5041386213366
28858,87.4339806664016
28870,94.5939893509008
28882,98.4489034312524
28894,99.6350308405913
28906,99.9130294521552
28918,100.00569565601
28980,96.7904511760658
28992,94.0357631551547
29004,87.5690403796079
29016,84.5981772897912
29028,83.6470069866067
29040,83.1837746960947
29052,82.7761302804442
29064,82.5661316420788
29076,82.2881922677716
29088,82.1028993515668
29100,82.0040764629243
29112,81.7693721023982
29124,81.5964320472738
29136,81.4914327280911
29148,81.293786950806
29160,81.2505519370249
29172,81.1887876316233
29184,80.9973182848783
29200,80.9664361321775
29230,80.7996725075932
29242,80.5340859943664
29254,80.5834974386876
29266,80.3673223697821
29278,80.3920280919427
29290,80.2932052033002
29302,80.1943823146576
29314,80.2437937589789
29326,80.0708537038544
29352,80.2954767745056
29364,81.0615445982956
29376,85.8741803622668
29388,93.9240704783828
29400,98.1621553745114
29412,99.5892655946364
29424,99.8981639106807
29436,99.990833405494
29448,100.052613068703
29510,96.333395316094
29522,93.8813523916507
29534,86.9390444645116
29546,83.6099484033657
29558,82.3623094342535
29570,81.7076077969966
29582,81.4667270059304
29594,81.1517290483823
29606,80.8552603824547
29618,80.5464388554467
29630,80.4661452584246
29642,80.3302637865411
29654,80.1511473008765
29686,80.0701063334223
29698,80.8299692050301
29710,88.354464958024
29722,95.3785632102031
29734,98.8381014874417
29746,99.7215192975223
29762,99.9377404398497
29792,100.055117631399
29854,96.1975138442105
29866,94.1592917659579
29878,87.9705083647182
29890,83.7952413195705
29922,81.466277138165
29934,84.3883514330469
29946,94.0503476216204
29958,98.7145465489689
29970,99.6782750690568
29982,99.9130294521552
29994,99.9933401621625
30006,100.067473125246
30068,96.3051484868483
30080,94.9031485574071
30092,91.2159505050884
30104,88.0166731330597
30116,86.8061357490488
30128,86.4664441361886
30140,86.3058626464729
30152,86.1761622124718
30164,86.1144001010426
30176,86.015580722756
30188,85.9044089221836
30200,85.9105851333265
30212,85.9105851333265
30224,85.8302943884687
30236,85.805589543897
30248,85.737651221325
30260,85.6820653210387
30272,85.6944177433246
30284,85.6820653210387
30296,85.6758891098958
30308,85.7005939544675
30324,85.6388318430384
30354,85.5832459427522
30366,85.5461886758947
30378,85.5770697316092
30390,85.595598365038
30402,85.5585410981805
30414,85.521483831323
30426,85.4967789867514
30438,85.4967789867514
30450,85.5091314090372
30462,85.5400124647518
30474,85.4658979310368
30486,85.453545508751
30498,85.4103120307506
30510,85.4473692976081
30522,85.4906027756085
30534,85.4473692976081
30546,85.3732547638931
30568,85.6546428832373
30580,86.5318206375761
30592,91.1956882750818
30604,96.8726344457677
30616,99.24472076736
30628,99.8006784989832
30640,99.9489338940827
30652,100.004529667245
30714,97.2686374251426
30726,95.3231309151252
30738,91.6544614962351
30750,88.7578184702092
30762,87.7572722650574
30774,87.3434661184822
30786,87.0284793501937
30798,86.725845004191
30810,86.5282062476178
30822,86.2873340130442
30834,86.0835190453281
30846,86.0032283004702
30858,85.8982327110407
30870,85.6758891098958
30886,85.5832459427522
30916,85.3485499193215
30928,85.2003208518916
30940,85.0459155733188
30952,84.959448617318
30964,84.9223913504605
30976,84.8297481833168
30988,84.7741622830306
31000,84.7124001716015
31012,84.6259332156007
31024,84.5456424707428
31036,84.5394662595999
31048,84.533290048457
31060,84.397413403313
31072,84.3665323475984
31084,84.3665323475984
31096,84.2924178138834
31108,84.2183032801685
31120,84.2368319135972
31132,84.2244794913114
31144,84.1071314795961
31156,84.0824266350244
31168,84.1318363241677
31180,84.0330169458811
31192,83.9897834678807
31214,84.2925715079441
31226,85.0585849212169
31238,90.0500271625428
31250,95.986631115407
31262,99.0259746583926
31274,99.7363903239279
31286,99.9464262598253
31298,100.008201535089
31360,97.0030603459974
31372,94.9463820354075
31384,89.96835585422
31396,87.1643559953378
31408,86.0958714676139
31420,85.6326556318955
31432,85.3670785527502
31448,85.0582679956046
31478,84.5826997376003
31490,84.3727085587413
31502,84.1565411687394
31514,84.0824266350244
31526,83.8600830338796
31538,83.7859685001646
31550,83.5821535324485
31562,83.5698011101627
31574,83.477157943019
31586,83.3536337201607
31598,83.2856953975887
31610,83.1559949635875
31622,83.1621711747304
31634,82.9768848404431
31646,83.0262945295864
31658,82.8780654621565
31670,82.8471844064419
31682,82.7854222950128
31694,82.7483650281553
31706,82.6927791278691
31718,82.5816073272967
31730,82.6371932275829
31742,82.4827879490101
31754,82.488964160153
31766,82.4395544710097
31778,82.3901447818664
31790,82.3777923595806
31802,82.2295632921507
31814,82.3160302481514
31826,82.2172108698648
31838,82.1986822364361
31860,82.3867614297874
31872,83.3010679744862
31884,88.1691325503148
31896,94.9770096601665
31908,98.6404135858852
31920,99.6906305629041
31932,99.9253849460024
31944,100.00569565601
32010,96.994273383891
32040,88.8043264876397
32052,84.357296498725
32084,83.8601249429465
32096,85.064657245667
32108,94.1449776815598
32120,98.512179415013
32132,99.685826274074
32144,99.9390869120819
32156,100.013211976865
32218,96.7030468432315
32230,95.3505046509307
32242,91.521389768618
32254,88.7730734417968
32266,87.8590266634382
32278,87.476115175207
32290,87.2661314558543
32302,87.142611620941
32314,86.994387819045
32326,86.9017479428601
32338,86.8091080666751
32350,86.6855882317618
32362,86.6238283143051
32374,86.5805963720854
32386,86.5126604628831
32398,86.4323725701895
32410,86.3273807105131
32422,86.3397326940045
32434,86.2965007517848
32446,86.2532688095652
32458,86.2347408343282
32470,86.2100368673455
32482,86.1297489746518
32494,86.0988690159235
32506,86.0432850902125
32518,86.0371090984669
32530,86.1050450076692
32542,86.0000531479929
32554,85.9444692222819
32566,85.9074132718079
32588,85.9506452140275
32610,85.9135892635535
32622,85.8888852965709
32634,85.8456533543512
32646,85.8394773626055
32658,85.7900694286402
32670,85.7653654616576
32682,85.7591894699119
32694,85.7406614946749
32706,85.7406614946749
32728,86.0191040628569
32740,86.8468633521626
32752,91.5477948384432
32764,97.0085352246089
32776,99.3126711567806
32788,99.8253877314998
32800,99.9859977428576
32812,100.016884283503
32874,97.303094910899
32886,95.5366357764134
32898,91.8184245912375
32910,89.0822658619469
32922,88.0755076839009
32934,87.5937461017685
32946,87.186101686118
32958,86.9575737561321
32970,86.8031629926281
32982,86.5561057710217
32994,86.4202242991382
33006,86.2596371050941
33018,86.0434620361885
33030,85.9014041337648
33042,85.7964048145821
33054,85.6728762037789
33066,85.5369947318954
33078,85.4752304264939
33090,85.3702311073111
33102,85.2219967743473
33114,85.2281732048875
33124,85.1664088994859
33138,85.0737624413835
33168,84.9193516778795
33180,84.8884695251787
33192,84.8328816503173
33204,84.6970001784338
33216,84.6722944562731
33228,84.6475887341125
33240,84.5611187065503
33252,84.5487658454699
33264,84.5302365538495
33276,84.4252372346668
33288,84.357296498725
33300,84.4128843735864
33312,84.4067079430463
33324,84.2831793322431
33336,84.2522971795423
33348,84.2770029017029
33360,84.2461207490021
33372,84.1781800130604
33384,84.1720035825202
33396,84.1720035825202
33408,84.1164157076588
33420,84.0731806938777
33432,84.0731806938777
33444,84.122592138199
33456,84.0175928190162
33468,83.9743578052351
33480,83.9928870968556
33492,84.0361221106367
33504,83.9372992219942
33516,83.9187699303737
33528,83.9372992219942
33540,83.9372992219942
33552,83.8508291944319
33564,83.8755349165926
33576,83.9002406387532
33588,83.8878877776729
33600,83.7458298752492
33612,83.8014177501107
33624,83.8508291944319
33636,83.8446527638918
33648,83.7643591668697
33660,83.77671202795
33672,83.7890648890303
33684,83.7334770141689
33700,83.7396534447091
33730,83.7520063057894
33742,83.6531834171468
33754,83.6902420003878
33766,83.7520063057894
33778,83.7334770141689
33790,83.6531834171468
33802,83.6284776949862
33814,83.6840655698476
33826,83.6778891393075
33838,83.6346541255264
33850,83.622301264446
33862,83.6408305560665
33874,83.6161248339059
33886,83.5728898201248
33898,83.622301264446
33910,83.6531834171468
33922,83.6099484033657
33934,83.5481840979641
33946,83.5914191117452
33958,83.622301264446
33970,83.5790662506649
33982,83.542007667424
33994,83.5605369590444
34006,83.5728898201248
34018,83.542007667424
34030,83.5234783758035
34042,83.5358312368838
34054,83.5605369590444
34066,83.504949084183
34078,83.5296548063437
34090,83.4987726536429
34102,83.542007667424
34114,83.4493612093216
34126,83.4617140704019
34138,83.5234783758035
34150,83.5296548063437
34162,83.4617140704019
34174,83.4370083482413
34186,83.4864197925625
34198,83.4987726536429
34210,83.4555376398617
34222,83.4370083482413
34234,83.4431847787814
34246,83.4308319177011
34262,83.4246554871609
34292,83.4555376398617
34304,83.4246554871609
34316,83.38759690392
34328,83.4184790566208
34340,83.4864197925625
34352,83.4617140704019
34364,83.3690676122995
34376,83.4123026260806
34388,83.4617140704019
34400,83.4370083482413
34412,83.3567147512192
34424,83.38759690392
34436,83.4123026260806
34448,83.4184790566208
34460,83.3752440428397
34472,83.3999497650003
34484,83.4246554871609
34496,83.3937733344601
34508,83.3443618901389
34520,83.3690676122995
34532,83.4184790566208
34544,83.3690676122995
34556,83.3134797374381
34568,83.350538320679
34580,83.3628911817594
34592,83.3443618901389
34604,83.3443618901389
34616,83.3320090290586
34628,83.350538320679
34640,83.3320090290586
34652,83.3320090290586
34664,83.350538320679
34676,83.3567147512192
34688,83.3320090290586
34700,83.2825975847373
34712,83.3134797374381
34724,83.38759690392
34736,83.2887740152774
34748,83.270244723657
34760,83.3134797374381
34772,83.3258325985184
34784,83.2949504458176
34796,83.3073033068979
34808,83.3073033068979
34824,83.2825975847373
34854,83.3073033068979
34866,83.3134797374381
34878,83.3320090290586
34890,83.233186140416
34902,83.2578918625766
34914,83.2887740152774
34926,83.3381854595987
34938,83.2517154320365
34950,83.233186140416
34962,83.3011268763578
34974,83.3381854595987
34986,83.2578918625766
34998,83.233186140416
35010,83.2517154320365
35022,83.2825975847373
35034,83.2208332793357
35046,83.2393625709562
35058,83.270244723657
35070,83.2455390014963
35082,83.1899511266349
35094,83.2023039877152
35106,83.2517154320365
35118,83.2764211541971
35130,83.1775982655546
35142,83.1837746960947
35154,83.233186140416
35166,83.2146568487955
35178,83.1405396823136
35190,83.1775982655546
35202,83.2393625709562
35214,83.2023039877152
35226,83.1590689739341
35238,83.1899511266349
35250,83.2393625709562
35262,83.2208332793357
35274,83.1528925433939
35286,83.1775982655546
35298,83.2084804182554
35310,83.1775982655546
35322,83.1590689739341
35334,83.1714218350144
35346,83.2023039877152
35358,83.2208332793357
35370,83.1590689739341
35386,83.1467161128538
35416,83.2084804182554
35428,83.1467161128538
35440,83.1837746960947
35452,83.233186140416
35464,83.1405396823136
35476,83.0973046685325
35488,83.1652454044742
35500,83.2208332793357
35512,83.1528925433939
35524,83.1096575296128
35536,83.1528925433939
35548,83.1837746960947
35560,83.1714218350144
35572,83.1405396823136
35584,83.1467161128538
35596,83.2023039877152
35608,83.1281868212333
35620,83.1034810990727
35632,83.1652454044742
35644,83.1899511266349
35656,83.1220103906931
35668,83.1096575296128
35680,83.1281868212333
35692,83.1837746960947
35704,83.1652454044742
35716,83.0973046685325
35728,83.1343632517735
35740,83.1837746960947
35752,83.1528925433939
35764,83.1096575296128
35776,83.1281868212333
35788,83.1714218350144
35800,83.0973046685325
35812,83.0911282379923
35824,83.1220103906931
35836,83.1899511266349
35848,83.1220103906931
35860,83.0478932242112
35872,83.0973046685325
35884,83.1590689739341
35896,83.1220103906931
35908,83.0849518074522
35920,83.0911282379923
35932,83.1405396823136
35948,83.1034810990727
35978,83.0602460852915
35990,83.1343632517735
36002,83.0602460852915
36014,83.0602460852915
36026,83.1034810990727
36038,83.1467161128538
36050,83.0664225158317
36062,83.0602460852915
36074,83.1096575296128
36086,83.115833960153
36098,83.0725989463719
36110,83.0417167936711
36122,83.0602460852915
36134,83.115833960153
36146,83.1034810990727
36158,83.0417167936711
36170,83.078775376912
36182,83.0911282379923
36194,83.0602460852915
36206,83.0355403631309
36218,83.0725989463719
36230,83.1220103906931
36242,83.0540696547514
36254,83.0231875020506
36266,83.078775376912
36278,83.1096575296128
36290,83.0417167936711
36302,83.0046582104301
36314,83.0355403631309
36326,83.0973046685325
36338,83.0478932242112
36350,82.9923053493498
36362,83.0602460852915
36374,83.078775376912
36386,83.0540696547514
36398,83.0046582104301
36410,83.0355403631309
36422,83.0849518074522
36434,83.0417167936711
36446,82.961423196649
36458,83.0540696547514
36470,83.0973046685325
36482,83.0417167936711
36494,82.9799524882695
36510,82.9737760577293
36540,83.0849518074522
36552,82.9737760577293
36564,83.0170110715104
36576,83.078775376912
36588,83.0417167936711
36600,83.0108346409703
36612,83.0046582104301
36624,83.0725989463719
36636,83.0170110715104
36648,82.9923053493498
36660,83.0355403631309
36672,83.0849518074522
36684,83.0170110715104
36696,82.9799524882695
36708,83.0293639325907
36720,83.0973046685325
36732,83.0478932242112
36744,83.0170110715104
36756,82.9923053493498
36768,83.0849518074522
36780,83.0849518074522
36792,82.961423196649
36804,83.0231875020506
36816,83.0417167936711
36828,83.0355403631309
36840,82.961423196649
36852,83.0108346409703
36864,83.0664225158317
36876,83.0170110715104
36888,82.9799524882695
36900,83.0108346409703
36912,83.0664225158317
36924,83.0664225158317
36936,82.9737760577293
36948,82.9923053493498
36960,83.0417167936711
36972,83.0540696547514
36984,82.9984817798899
36996,82.9737760577293
37008,83.0108346409703
37020,83.0170110715104
37032,82.9799524882695
37044,82.9861289188096
37056,83.0108346409703
37072,83.0108346409703
37102,82.9923053493498
37114,83.0602460852915
37126,83.0231875020506
37138,82.9552467661088
37150,82.9737760577293
37162,83.0170110715104
37174,83.0478932242112
37186,82.961423196649
37198,82.9799524882695
37210,82.9984817798899
37222,82.9984817798899
37234,82.9923053493498
37246,83.0046582104301
37258,83.0046582104301
37270,82.9923053493498
37282,82.9737760577293
37294,82.9984817798899
37306,83.0170110715104
37318,83.0231875020506
37330,82.961423196649
37342,82.9428939050285
37354,82.9923053493498
37366,83.0355403631309
37378,82.9984817798899
37390,82.9675996271891
37402,82.9799524882695
37414,82.9737760577293
37426,83.0046582104301
37438,82.961423196649
37450,82.9984817798899
37462,82.9923053493498
37474,82.9737760577293
37486,82.9428939050285
37498,83.0046582104301
37510,83.0170110715104
37522,82.9737760577293
37534,82.9367174744883
37546,82.9490703355687
37558,83.0108346409703
37570,83.0231875020506
37582,82.961423196649
37594,82.9367174744883
37606,82.9923053493498
37618,82.9861289188096
37634,82.9367174744883
37664,82.9737760577293
37676,82.9675996271891
37688,82.924364613408
37700,82.9675996271891
37712,83.0170110715104
37724,82.9490703355687
37736,82.9058353217876
37748,82.9305410439482
37760,82.9984817798899
37772,82.9799524882695
37784,82.9120117523277
37796,82.9490703355687
37808,82.9799524882695
37820,82.9861289188096
37832,82.9181881828679
37844,82.9181881828679
37856,83.0046582104301
39478,100.024559148101
40100,100.039411525741
40112,95.0867940154926
40124,93.487382625026
40136,89.275805141249
40148,85.1259809930113
40160,82.674373572103
40172,81.8468788758771
40184,81.7110215376907
40196,81.7542488725682
40208,81.5751641995043
40220,81.5689888659504
40232,81.6183915343818
40244,81.5566381988426
40256,81.5628135323965
40268,81.606040867274
40280,81.5257615310729
40292,81.6430928685975
40304,81.6369175350436
40316,81.6369175350436
40328,81.6492682021514
40340,81.7048462041368
40352,81.7480735390143
40364,81.7851255403378
40376,81.6924955370289
40388,81.7851255403378
40398,81.8468788758771
40412,81.8036515409996
40442,81.853054209431
40454,81.8468788758771
40466,81.9209828785242
40478,81.8962815443085
40490,81.8715802100928
40502,81.9395088791859
40514,81.8839308772006
40526,81.9024568778624
40538,81.9456842127399
40550,81.8901062107545
40562,81.9827362140634
40574,81.8901062107545
40586,81.933333545632
40608,82.2077049471734
40620,83.0725280852539
40632,90.108482044352
40644,95.9336836101374
40656,98.8740822796112
40668,99.664777720142
40680,99.8995154290495
40692,99.9798204347285
40704,100.04159351602
40846,96.6598149010118
40858,94.5229217570115
40870,89.8909279477622
40882,86.3520846774958
40894,85.018070460432
40906,84.5363431042701
40918,84.3819433106285
40930,84.0731437233452
40942,83.8446320287555
40954,83.7272881855879
40966,83.5543604167093
40988,83.5173044662353
41010,83.301144755137
41022,83.2393848376803
41034,83.0726330605473
41046,83.1035130192757
41058,83.0108731430907
41070,82.986169176108
41082,82.9244092586514
41094,82.8502973577034
41106,82.875001324686
41118,82.7514814897727
41130,82.7638334732641
41142,82.7206015310444
41154,82.6403136383507
41166,82.6958975640617
41178,82.5538497539114
41190,82.5970816961311
41202,82.5476737621658
41214,82.4920898364548
41226,82.5476737621658
41238,82.4488578942351
41250,82.4673858694721
41262,82.3994499602698
41274,82.3623940097958
41286,82.3994499602698
41298,82.3191620675761
41310,82.3685700015414
41322,82.2882821088478
41334,82.2697541336108
41356,82.4795065048559
41368,83.3813934917113
41380,88.7309423315523
41392,95.8595559125876
41404,98.8926142039986
41416,99.7018415689168
41428,99.918047353437
41440,99.9798204347285
41452,100.053948132278
41594,96.8230069222937
41606,94.6059046492114
41618,89.7702749003994
41630,86.4538851492985
41642,85.0519848262074
41654,84.5455714936371
41666,84.3294194614424
41678,84.057685478112
41690,83.9650488928857
41702,83.6871391372069
41714,83.5883267796322
41726,83.5080417391027
41738,83.3907020644828
41750,83.3474716580438
41762,83.2239562110755
41774,83.1807258046365
41786,83.0757376747134
41798,82.995452634184
41810,83.0078041788808
41822,82.8225310084282
41834,82.878112959564
41846,82.8534098701703
41858,82.804003691383
41870,82.7113671061567
41882,82.6557851550209
41894,82.7051913338083
41906,82.6063789762336
41918,82.5631485697946
41930,82.5816758868399
41942,82.5137423910073
41954,82.5260939357041
41966,82.4458088951747
41978,82.4519846675231
41990,82.4334573504779
42002,82.3161176758579
42014,82.4272815781294
42026,82.3161176758579
42038,82.3408207652516
42050,82.2975903588126
42062,82.2605357247221
42074,82.3037661311611
42106,82.6895349812469
42128,94.0125407819727
42140,98.0401456821764
42152,99.5226996331716
42164,99.874806196533
42176,99.9859977428576
42188,100.029238899762
42330,96.8441493782474
42342,94.1516082915364
42354,88.1180930582413
42366,84.7215389350967
42378,83.437023921253
42390,83.0911929559873
42402,82.7268353318682
42414,82.5600954021865
42426,82.3377754959444
42438,82.1833866721651
42450,81.9734178718252
42462,81.8499068128018
42474,81.8190290480459
42486,81.6584646713154
42498,81.6584646713154
42510,81.4917247416338
42522,81.5102514004873
42534,81.3435114708057
42546,81.4237936591709
42558,81.2508781765381
42570,81.2632292824404
42582,81.1829470940752
42594,81.176771541124
42606,81.0594360350518
42618,81.0841382468564
42630,81.0038560584912
42642,80.9544516348818
42656,80.8988716583213
42686,80.8185894699561
42698,80.7753605992978
42710,80.8247650229072
42722,80.6765517520791
42734,80.7753605992978
42746,80.6394984343721
42758,80.7074295168349
42770,80.5406895871533
42782,80.6518495402744
42794,80.4912851635439
42806,80.5962695637139
42818,80.4665829517392
42840,80.675732531145
42852,81.5405556692256
42864,85.8893805921448
42876,94.2040373339763
42888,98.2563514666965
42900,99.5968273307214
42912,99.8933381209204
42924,100.010706975374
43066,96.2054296874519
43078,93.0125553833193
43090,85.4040038500673
43102,82.272887269419
43114,81.3835760512466
43126,80.9142173527668
43138,80.5807256459522
43150,80.4510344266354
43162,80.179300443305
43174,79.9446210940651
43186,79.9260937770198
43198,79.796402557703
43210,79.6543597936894
43232,79.5246685743726
43254,79.3826258103589
43266,79.3146923145263
43278,79.2467588186937
43290,79.0800129652864
43302,79.1108918270285
43314,79.0923645099833
43326,78.882388250137
43338,78.9503217459696
43350,78.9009155671823
43362,78.7218181690781
43374,78.7712243478655
43386,78.7403454861234
43398,78.5735996327161
43410,78.6044784944582
43422,78.5612480880192
43434,78.3574476005214
43446,78.4747872751414
43458,78.4624357304445
43470,78.2462836982499
43482,78.3142171940825
43494,78.2709867876436
43506,78.1351197959783
43518,78.2462836982499
43530,78.1289440236299
43542,78.01160434901
43554,78.1351197959783
43576,78.2694821697104
43588,79.047850638036
43600,83.396830016617
43612,91.9712382232512
43624,96.8761950792077
43636,99.2545431768692
43648,99.816698181771
43660,99.9526037873517
43672,100.020556590142
43822,94.2079461779825
43834,86.2285648425825
43846,81.2939474377956
43858,79.6326056582116
43870,78.9717745414253
43882,78.5950390449397
43894,78.3294713998761
43906,78.1194876805235
43918,77.9959678456102
43930,77.9342079281535
43942,77.7427521840379
43954,77.4710085472286
43966,77.4586565637372
43978,77.4277766050089
43990,77.4648325554829
44002,77.3227847453326
44014,77.242496852639
44026,77.1004490424886
44038,77.0448651167776
44050,77.020161149795
44062,77.057217100269
44074,76.964577224084
44086,76.8842893313903
44098,76.779297471714
44110,76.7669454882227
44122,76.7854734634597
44134,76.779297471714
44146,76.6434256533094
44158,76.5322578018874
44170,76.4890258596677
44182,76.5075538349047
44194,76.5446097853787
44206,76.5075538349047
44218,76.4149139587198
44230,76.3284500742804
44242,76.2913941238064
44254,76.3037461072978
44266,76.3408020577718
44278,76.2790421403151
44290,76.1864022641301
44302,76.1493463136561
44322,76.3078584569253
44336,76.9750551246785
44366,87.3227812217761
44378,97.8743729673538
44390,99.5361868898131
44402,99.8883184644606
44414,99.9933401621625
44426,100.055117631399
44568,96.1498477363161
44580,92.4567358719616
44592,83.4030536091796
44604,79.4629108508884
44616,78.0795378448426
44628,77.5669487399238
44640,77.2149297160639
44652,76.9493715050819
44664,76.8073287410683
44676,76.6158797982673
44688,76.5108916683442
44700,76.3997277660727
44712,76.2700365467559
44724,76.1897515062264
44736,76.0415329698644
44748,75.9983025634254
44760,75.9612479293349
44772,75.8500840270634
44784,75.7883263035792
44796,75.7018654907013
44808,75.6586350842624
44820,75.6339319948687
44832,75.6030531331266
44844,75.5104165479003
44856,75.4239557350225
44868,75.4054284179772
44880,75.3560222391899
44892,75.269561426312
44914,75.2201552475247
44936,75.0719367111626
44968,75.2486712093039
44980,75.9281992372072
44992,80.8146235105845
45004,90.0809148001748
45016,95.7395300143513
45028,98.9518443280759
45040,99.7487453789807
45052,99.9649588424045
45064,100.008201535089
45206,95.6557859484426
45218,91.783576685984
45230,81.9023409285138
45242,77.9807254872679
45272,76.4133899220338
45284,78.4766108371688
45296,89.6946023996992
45308,96.5884782718269
45320,99.3250257730389
45332,99.8006784989832
45344,99.9983523591159
45356,100.053948132278
45504,95.4855277289895
45516,94.7815146925559
45528,90.9341452039758
45540,84.7091878291944
45552,83.0911929559873
45564,82.5230420844795
45576,82.2389666487256
45588,82.1216311426533
45600,82.1031044837998
45612,82.0413489542881
45624,82.0042956365811
45636,81.8993112364112
45648,81.9054867893623
45660,81.8869601305088
45672,81.8437312598506
45684,81.89313568346
45696,81.8005023891924
45708,81.7819757303389
45720,81.8190290480459
45732,81.78815128329
45744,81.8190290480459
45756,81.7202202008272
45768,81.7572735185342
45780,81.7449224126319
45792,81.7202202008272
45804,81.7696246244365
45816,81.6522891183643
45828,81.7263957537783
45840,81.6831668831201
45852,81.6461135654131
45864,81.7819757303389
45876,81.6399380124619
45888,81.7078690949248
45900,81.7016935419736
45912,81.6214113536084
45924,81.7572735185342
45936,81.6461135654131
45948,81.714044647876
45960,81.6090602477061
45972,81.5781824829502
45984,81.676991330169
46006,81.7938253025206
46020,82.7760172950549
46050,93.4689376666078
46062,99.497990400655
46074,99.8624515802747
46086,99.961288510341
46098,99.9983523591159
46110,100.023061591632
46252,97.1564986291084
46264,95.1926030223112
46276,93.8215815609622
46288,90.295215550015
46300,87.1764505140635
46312,85.5583981587778
46324,84.8173054769675
46336,84.3170679167456
46348,84.0453339334152
46360,83.6994906819037
46372,83.4462840156185
46384,83.452459787967
46396,83.2239562110755
46408,83.2239562110755
46420,83.1004407641071
46432,82.995452634184
46444,82.9398706830482
46456,82.8163552360798
46468,82.8101794637314
46480,82.5940274315367
46492,82.5940274315367
46504,82.5137423910073
46516,82.3778753993421
46528,82.421105805781
46540,82.155547594799
46552,82.1123171883601
46564,81.9517471073012
46576,81.8282316603328
46598,81.6306069451834
46620,81.2600606042783
46632,81.1056662955678
46644,81.0686116614773
46656,80.9512719868573
46668,80.6980653205722
46680,80.6857137758753
46692,80.4819132883775
46704,80.4757375160291
46716,80.2966401179249
46728,80.2595854838344
46740,80.1298942645176
46762,80.2680301946213
46774,81.3367045009637
46786,86.2476644636353
46798,94.7229312168246
46810,98.9543872852901
46822,100.035416207891
46964,96.5203940772212
46976,88.8130301863945
46988,84.2306071038677
47000,82.9151675936545
47012,82.4458088951747
47024,82.1431960501022
47036,81.8838136114686
47048,81.7602981645002
47060,81.6182554004866
47072,81.432982230034
47084,81.3403456448077
47096,81.3403456448077
47108,81.2477090595814
47120,81.1056662955678
47132,81.0624358891289
47148,81.0377327997352
47178,80.9203931251152
47190,80.7721745887532
47202,80.7042410929206
47214,80.7289441823143
47226,80.6054287353459
47238,80.5251436948164
47250,80.4942648330743
47262,80.5004406054228
47274,80.370749386106
47286,80.3028158902734
47298,80.370749386106
47310,80.2842885732281
47322,80.1545973539113
47334,80.1484215815629
47346,80.1978277603502
47358,80.0496092239882
47370,79.987851500504
47382,79.9940272728524
47394,79.9569726387619
47406,79.8766875982325
47418,79.8458087364904
47430,79.8396329641419
47442,79.7840510130062
47464,80.0888882588761
47476,81.2811087278014
47488,86.6677214164173
47500,95.0441512395402
47512,98.9235007446444
47524,99.9798204347285
47536,100.11572121357
47678,96.1339607888626
47690,87.1053023742491
47702,82.3192488370908
47724,80.6703761991279
47746,79.9293098449873
47758,79.6514099621845
47770,79.3920367382353
47782,79.1758923849443
47794,79.1017857495302
47806,78.984450243458
47818,78.8238858667275
47830,78.6941992547529
47842,78.5645126427783
47854,78.4162993719501
47866,78.3483682894873
47878,78.2495594422685
47890,78.1754528068544
47902,78.1136972773427
47914,77.9346062417587
47926,77.8234462886376
47938,77.6999352296142
47950,77.6073019353466
47962,77.5640730646884
47974,77.5023175351767
47986,77.3849820291044
47998,77.3664553702509
48010,77.1873643346669
48022,77.082379934497
48034,77.0082732990829
48046,76.9094644518642
48058,76.9094644518642
48070,76.8724111341571
48082,76.761251181036
48094,76.6253890161103
48106,76.5018779570868
48118,76.4462979805263
48130,76.4648246393798
48142,76.3783668980634
48154,76.3413135803564
48166,76.2301536272353
48188,76.3853362741604
48200,77.6208417794391
48212,82.7605446813985
48224,91.3349528880327
48236,96.7526445286798
48248,99.5263543880305
48260,100.137929613143
48402,95.9116408826204
48414,84.2398458049053
48426,79.0709079847744
48452,77.8004008969528
48464,84.3666462189623
48476,92.4339241028235
48488,98.5183565037449
48500,99.9576181782776
48512,100.068805775452
48614,95.5843365762083
48626,87.4573088924659
48638,83.9248926043956
48650,83.257932885669
48662,83.3382150740342
48674,83.3567417328877
48686,83.3937950505948
48698,83.47407723896
48710,83.4802527919112
48722,83.6099394038858
48734,83.6469927215928
48746,83.6469927215928
48758,83.7396260158604
48770,83.8013815453721
48782,83.8816637337374
48794,83.9187170514444
48806,83.9372437102979
48818,83.9619459221026
48840,84.0916325340772
48862,84.1410369576866
48874,84.2151435931006
48886,84.2583724637588
48898,84.2892502285147
48910,84.3633568639288
48922,84.4189368404893
48934,84.4559901581964
48946,84.4251123934405
48958,84.4312879463917
48970,84.4683412640987
48982,84.4992190288546
48994,84.5362723465616
49006,84.5362723465616
49018,84.5424478995128
49030,84.622730087878
49042,84.6844856173897
49054,84.6412567467315
49066,84.5795012172198
49078,84.5918523231221
49090,84.6536078526339
49102,84.7091878291944
49124,85.064657245667
49136,86.3494917019022
49148,90.9823082508271
49160,97.5670848390323
49172,99.7908367825163
49184,100.081159952916
49286,97.5208691976651
49298,89.838208396232
49310,86.7256191326289
49322,86.0401084019545
49334,85.9165929549861
49346,85.7930775080177
49358,85.6325074269588
49370,85.4472342565062
49382,85.3175430371895
49404,85.1260940943885
49426,84.8358327940128
49438,84.7740750705286
49450,84.6999658023476
49462,84.5270441765918
49474,84.4776379978045
49486,84.4838137701529
49498,84.3788256402298
49510,84.2367828762162
49522,84.2059040144741
49534,84.2182555591709
49546,84.1194432015962
49558,84.0206308440215
49570,84.0144550716731
49582,83.9897519822794
49594,83.8847638523563
49606,83.8291819012205
49618,83.8600607629626
49630,83.7983030394784
49642,83.718017998949
49654,83.6500845031164
49666,83.67478759251
49678,83.6686118201616
49690,83.5759752349353
49702,83.5450963731932
49714,83.5574479178901
49726,83.4895144220575
49738,83.4648113326638
49750,83.4462840156185
49762,83.4709871050122
49774,83.3783505197859
49796,83.705697724649
49808,85.0461259794713
49820,89.8024843030342
49832,96.8443654574
49844,99.6117012092912
49856,100.112045396575
49968,95.0999664370849
49990,84.706141574696
50002,84.5393957212887
50014,84.2861890550035
50026,83.9774004375826
50038,83.983576209931
50050,83.7550726330395
50062,83.6253814137227
50074,83.5389206008448
50086,83.3474716580438
50098,83.2733623898628
50110,83.1251438535008
50122,83.0078041788808
50134,82.9769253171387
50146,82.8225310084282
50158,82.7854763743377
50170,82.6496093826725
50182,82.6249062932788
50194,82.5693243421431
50206,82.421105805781
50218,82.4643362122199
50230,82.2975903588126
50242,82.2358326353284
50254,82.2543599523737
50266,82.1431960501022
50278,82.155547594799
50290,82.0320321478306
50302,82.0320321478306
50314,81.9517471073012
50326,81.9085167008623
50338,81.9826259690433
50350,81.815880115636
50362,81.8220558879844
50374,81.7850012538939
50386,81.7294193027581
50398,81.772649709197
50410,81.6491342622287
50422,81.6676615792739
50434,81.6676615792739
50446,81.550321904654
50468,82.0409176276865
50480,83.2516700209992
50492,88.1688072918
50504,95.7977828312961
50518,99.2508980754891
50548,100.121898521699
50650,96.91564350752
50662,87.8928401064801
50674,84.0762127951573
50686,83.2116046663786
50698,83.0325072682745
50710,82.7793006019893
50722,82.7175428785051
50734,82.4149300334326
50746,82.3037661311611
50758,82.0876140989664
50770,81.964098651998
50782,81.8282316603328
50794,81.772649709197
50806,81.6306069451834
50818,81.4268064576856
50830,81.4144549129887
50842,81.2847636936719
50854,81.2785879213235
50866,81.0809632061741
50878,81.0994905232194
50890,80.90186580807
50902,80.9697993039026
50914,80.8092292228437
50926,80.8771627186763
50938,80.6918895482237
50950,80.7042410929206
50962,80.5807256459522
50974,80.5992529629975
50986,80.5251436948164
50998,80.5313194671648
51010,80.4325071095901
51022,80.3892767031512
51034,80.3522220690607
51046,80.3028158902734
51058,80.3089916626218
51070,80.2287066220923
51092,80.1854762156534
51114,80.2287066220923
51126,80.061960768685
51138,80.1113669474724
51160,80.3977536653334
51172,81.6826337561959
51184,86.7294944977088
51196,94.7970589143744
51208,98.8370184308363
51220,100.04159351602
51322,96.1621992810129
51334,85.9536475890766
51346,82.5137423910073
51358,81.5379703599571
51370,81.2538848319299
51382,80.9389204421605
51394,80.6918895482237
51406,80.6239560523911
51418,80.3954524754996
51430,80.253409711486
51442,80.179300443305
51454,80.0249061345945
51466,79.8025783300514
51478,79.8087541023998
51490,79.6667113383862
51502,79.4999654849789
51514,79.5431958914178
51526,79.3764500380105
51538,79.2035284122548
51550,79.2405830463453
51562,79.1355949164222
51574,78.9688490630149
51586,79.0367825588475
51598,78.9379702012728
51610,78.808278981956
51622,78.8700367054402
51634,78.808278981956
51656,78.7279939414266
51678,78.616830039155
51690,78.4809630474898
51702,78.4747872751414
51714,78.4747872751414
51726,78.3450960558246
51738,78.3883264622635
51750,78.4006780069604
51762,78.2524594705983
51774,78.2709867876436
51786,78.2833383323404
51798,78.1351197959783
51810,78.203053291811
51832,78.5198519940728
51844,79.8603278580977
51856,84.9195432158688
51868,93.6604342186114
51880,98.2439968504382
51892,99.9427565859536
51904,100.109543905441
52006,96.1621992810129
52018,85.1755002731758
52030,81.2600606042783
52042,80.1422458092145
52054,79.7346448342188
52066,79.5493716637663
52078,79.3455711762684
52090,79.0491341035443
52102,78.8638609330918
52114,78.6724119902908
52126,78.5180176815803
52138,78.4624357304445
52150,78.3945022346119
52162,78.2401079259015
52174,78.0301316660552
52186,77.9498466255258
52198,77.8695615849963
52220,77.7583976827248
52242,77.6163549187112
52254,77.5175425611365
52266,77.4310817482586
52278,77.3446209353807
52290,77.2705116671997
52302,77.3013905289418
52314,77.2334570331092
52326,77.1778750819734
52338,77.0543596350051
52364,77.3585180657932
52376,78.6619300810432
52388,83.9620604558511
52400,93.1415403357631
52412,97.9721952927558
52424,99.8995154290495
52436,100.109543905441
52538,95.8842895253341
52550,84.5640988106824
52562,80.3336947520154
52592,79.1346520630431
52604,82.9582699880891
52616,93.0578100647454
52628,98.7530858755571
52640,100.037920331792
52742,95.6893209763782
52754,86.8768069150558
52770,83.9125414984932
52800,83.3567417328877
52812,83.4123217094483
52824,83.4123217094483
52836,83.4679016860088
52848,83.5234816625694
52860,83.5790616391299
52872,83.6716949333975
52884,83.6963971452022
52896,83.7828548865186
52908,83.8199082042256
52920,83.8075570983233
52932,83.8569615219327
52944,83.9372437102979
52956,83.9989992398096
52968,84.0422281104678
52980,84.0051747927608
52992,84.0237014516143
53004,84.0669303222725
53016,84.1039836399795
53028,84.1225102988331
53040,84.1719147224424
53052,84.2213191460518
53064,84.2460213578565
53076,84.2089680401495
53088,84.2089680401495
53100,84.2336702519542
53112,84.3016013344171
53124,84.3139524403194
53136,84.2768991226124
53148,84.26454801671
53160,84.2892502285147
53172,84.3386546521241
53184,84.3757079698311
53196,84.3571813109776
53208,84.3386546521241
53220,84.3324790991729
53242,84.694031921753
53254,86.0035747329158
53266,90.7105163466235
53278,97.5053139517133
53290,99.8217222261758
53302,100.105868307843
53404,97.4035295230451
53416,89.1403461208607
53428,86.2068542553618
53440,85.6016285652167
53452,85.4101796224157
53464,85.35459767128
53476,85.1137425496916
53488,84.9531724686327
53500,84.9469966962843
53512,84.7617235258318
53524,84.6505596235602
53536,84.5826261277276
53548,84.4838137701529
53560,84.3108921443972
53572,84.2923648273519
53584,84.1503220633383
53596,84.0391581610668
53608,84.0268066163699
53620,83.8909396247047
53632,83.8168303565237
53644,83.8291819012205
53656,83.7488968606911
53668,83.6192056413743
53680,83.6500845031164
53692,83.5821510072838
53704,83.4709871050122
53716,83.5142175114512
53728,83.4771628773606
53740,83.3598232027407
53752,83.3536474303923
53764,83.3721747474375
53776,83.2733623898628
53788,83.261010845166
53800,83.2424835281207
53812,83.1560227152429
53824,83.1560227152429
53836,83.2116046663786
53848,83.0942649917587
53860,83.0510345853197
53872,83.1127923088039
53886,83.0263314959261
53928,89.011816945351
53940,94.8676970631921
53952,99.0557632234202
53964,100.074982864184
54066,96.8750271430032
54078,87.7352087752687
54090,84.8450499941202
54102,84.1039836399795
54114,83.9310681573467
54126,83.6840460392999
54138,83.5049550037159
54150,83.3999706035459
54162,83.257932885669
54174,83.1591240384502
54186,82.9429796851592
54198,82.8750486026963
54210,82.7453619907217
54222,82.720659778917
54234,82.4921643197237
54246,82.5106909785772
54258,82.3007221782373
54270,82.2698444134815
54282,82.1772111192139
54294,82.1710355662627
54306,82.0228222954346
54318,81.930189001167
54330,81.9425401070693
54342,81.8128534950947
54354,81.8375557068994
54366,81.7078690949248
54378,81.7696246244365
54390,81.6090602477061
54402,81.6708157772178
54414,81.5843580359014
54426,81.5781824829502
54438,81.5102514004873
54460,81.5040758475361
54482,81.3867403414639
54494,81.4423203180244
54506,81.281755941294
54518,81.3435114708057
54530,81.2447026235869
54542,81.2570537294893
54554,81.2200004117822
54576,81.6054875558031
54588,82.840905302183
54600,87.7702221102391
54612,95.6954269532666
54624,99.2472529741091
54636,100.105868307843
54738,96.7762182957845
54750,86.6853647735694
54762,83.3937950505948
54774,82.6589042494053
54786,82.2574933075791
54798,82.0537000601905
54810,81.9178378952647
54822,81.6399380124619
54834,81.572006929999
54846,81.4052670003174
54858,81.355862576708
54870,81.1088404586611
54882,81.10266490571
54894,80.8988716583213
54906,80.7938872581514
54918,80.7630094933955
54930,80.5777429048603
54942,80.6147962225674
54954,80.4604073987881
54966,80.4295296340322
54978,80.3307207868135
54990,80.2195608336924
55002,80.3060185750088
55024,80.1886830689365
55046,80.0713475628642
55058,79.954012056792
55070,79.9663631626943
55082,79.8552032095732
55094,79.9107831861338
55106,79.737867703501
55118,79.8305009977685
55130,79.7440432564521
55142,79.6946388328427
55154,79.7316921505498
55166,79.6143566444775
55178,79.6575855151357
55190,79.4908455854541
55202,79.6143566444775
55214,79.5217233502099
55226,79.5155477972588
55248,79.8788597824851
55260,81.1699171814768
55272,86.1364729173107
55284,94.5993850542417
55296,98.7628907332866
55308,100.066302748537
55410,96.4242117775677
55422,85.5243608187491
55434,82.0166467424834
55446,81.1458937763682
55458,80.6950784109326
55470,80.3986518692763
55482,80.2566141513994
55494,80.0836986687666
55506,79.8552032095732
55518,79.7872721271103
55530,79.7316921505498
55542,79.453792267747
55554,79.3179301028213
55566,79.2623501262607
55588,79.1203124083838
55610,78.8362369726298
55622,78.8115347608252
55634,78.7806569960693
55646,78.6386192781923
55658,78.5398104309736
55670,78.5212837721201
55682,78.5027571132666
55694,78.3730705012919
55706,78.305139418829
55718,78.3360171835849
55730,78.3113149717802
55742,78.1322239361962
55754,78.1136972773427
55766,78.1878039127568
55778,78.0828195125869
55790,77.9716595594658
55802,77.9963617712704
55814,78.0272395360263
55826,77.8975529240517
55838,77.8666751592958
55850,77.8975529240517
55862,77.872850712247
55874,77.7184618884677
55886,77.7246374414189
55898,77.8234462886376
55920,78.1150439815505
55932,79.4617449823043
55944,84.5643827191054
55956,93.5032650497968
55968,98.1981859698559
55980,99.9587813148781
55992,100.119397030564
56094,95.8498853531087
56106,84.6659589585362
56118,80.8432916817607
56130,79.7502188094033
56152,79.2623501262607
56174,78.6200926193388
56186,78.410123818999
56198,78.2619105481708
56210,78.231032783415
56222,78.1075217243915
56234,78.0210639830751
56246,77.8543240533935
56258,77.7431641002724
56270,77.5949508294443
56282,77.3973331350068
56294,77.3849820291044
56306,77.2861731818857
56318,77.2367687582763
56330,77.1935398876181
56342,77.119433252204
56354,77.082379934497
56366,77.0329755108876
56396,77.2596811357269
56408,78.6248662322683
56420,84.7465785882527
56432,93.6666115267405
56444,98.3428337805046
56456,99.961288510341
56468,100.109543905441
56570,95.8710613768411
56582,84.1255769572754
56594,79.9263501406063
56624,78.859939068374
56636,86.1980598379418
56648,93.7276635568839
56660,99.1262473553706
56672,100.052777755569
56774,95.5252426978213
56786,86.2437163662718
56798,83.1004715873239
56830,83.2517154320365
56842,89.6875560548825
56854,96.8089804676862
56866,99.823078571284
56878,100.06395936235
56940,96.7515160839798
56952,89.5322946840597
56964,87.1423556919562
56976,86.5062737379855
56988,86.3642360201085
57000,86.2592516199386
57012,86.2160227492804
57024,86.1604427727198
57036,86.1480916668175
57048,86.1172139020616
57060,86.0739850314034
57072,85.9998783959894
57084,85.9998783959894
57096,85.9195962076241
57108,85.9257717605753
57120,85.9010695487706
57132,85.8825428899171
57144,85.8578406781124
57156,85.9010695487706
57168,85.7960851486007
57180,85.7590318308936
57192,85.7405051720401
57204,85.7775584897472
57216,85.7837340426983
57228,85.7528562779425
57240,85.734329619089
57256,85.7034518543331
57286,85.6540474307237
57298,85.6355207718702
57310,85.6663985366261
57322,85.629345218919
57334,85.6478718777725
57346,85.5799407953097
57358,85.5675896894073
57370,85.5367119246515
57382,85.5490630305538
57394,85.5675896894073
57406,85.5861163482608
57418,85.5675896894073
57440,85.8830395018745
57452,87.155474584813
57464,92.0784394445315
57476,98.1997169551726
57488,99.9724784542181
57500,100.089838971576
57562,97.5579238317556
57574,90.3137428670603
57586,87.9669493746611
57598,87.3123175057287
57610,87.0776381564888
57622,86.873837668991
57634,86.68238872619
57646,86.490939783389
57658,86.4044789705112
57670,86.2439088894523
57682,85.9845264508187
57694,85.8610110038503
57706,85.811604825063
57718,85.6386831993072
57730,85.502816207642
57742,85.3978280777189
57754,85.2866641754474
57766,85.1322698667369
57778,85.0643363709043
57790,85.0149301921169
57802,84.8728874281033
57818,84.7987781599223
57848,84.706141574696
57860,84.5393957212887
57872,84.514692631895
57884,84.4714622254561
57896,84.3788256402298
57908,84.3726498678814
57920,84.3417710061393
57932,84.2614859656098
57944,84.1935524697772
57956,84.175025152732
57968,84.175025152732
57980,84.1070916568994
57992,84.0823885675057
58004,84.0700370228088
58016,84.0329823887183
58028,83.9650488928857
58040,83.9650488928857
58062,84.2955840828687
58074,85.5494885578033
58086,90.6824669748999
58098,97.4955538510222
58110,99.830410459521
58122,100.126900187584
58184,97.1838047905618
58196,88.9270904948449
58208,86.2716027258409
58220,85.7466807249913
58232,85.3699719949698
58244,85.1476520887276
58256,85.0056143708507
58268,84.7400655939503
58280,84.6042034290245
58292,84.4312879463917
58304,84.2768991226124
58316,84.1163347458819
58328,83.8631370748838
58340,83.8199082042256
58352,83.5914127450323
58364,83.5296572155206
58380,83.3382150740342
58410,83.2147040150108
58422,83.0294374264756
58434,82.9244530263057
58446,82.7700642025264
58458,82.7762397554776
58470,82.646553143503
58482,82.6527286964541
58494,82.5353931903819
58506,82.4736376608701
58518,82.4983398726748
58530,82.3068977311885
58542,82.3130732841397
58554,82.2821955193838
58566,82.1710355662627
58578,82.1895622251162
58590,82.0598756131416
58602,82.1154555897022
58614,82.0660511660928
58626,81.9734178718252
58638,82.0351734013369
58650,81.8560823657529
58662,81.89313568346
58684,82.2170193402612
58696,83.582155950011
58708,88.8079730171983
58720,96.3254900039204
58732,99.500513612117
58744,100.198524638822
58806,96.9712254586558
58818,87.4605360420908
58830,84.6690869406055
58842,84.0082792993247
58854,83.6500845031164
58866,83.4154051538764
58878,83.1621984875913
58890,83.0757376747134
58902,82.8287067807767
58914,82.7051913338083
58926,82.4766877569168
58942,82.3902269440389
58972,82.1123171883601
58984,81.815880115636
58996,81.6182554004866
59008,81.6059038557897
59020,81.3712245065498
59032,81.4082791406403
59044,81.1735997914004
59056,81.1983028807941
59068,81.0192054826899
59080,81.1056662955678
59092,80.8895142633731
59104,80.8462838569342
59116,80.710416865269
59128,80.7474714993595
59140,80.6054287353459
59152,80.5745498736038
59164,80.5004406054228
59176,80.4325071095901
59188,80.370749386106
59200,80.327518979667
59212,80.327518979667
59224,80.2040035326986
59236,80.2101793050471
59248,80.1298942645176
59260,80.1113669474724
59272,80.0743123133819
59284,80.0310819069429
59314,80.3206530995679
59326,81.6178417332669
59338,87.0598569060706
59350,95.0900722575405
59362,98.9631068924417
59374,100.179993372626
59436,96.8106553775969
59448,85.9783506784703
59460,82.8719371872156
59490,82.0565226454849
59504,87.7822771374605
59534,98.7705373761061
59546,100.147930312148
59608,96.5847761542982
59620,88.0933908464367
59632,85.5120097128468
59644,85.0364921356065
59656,84.9068055236319
59668,84.9191566295343
59680,84.7894700175596
59692,84.8079966764132
59704,84.7832944646085
59716,84.6659589585362
59728,84.6289056408292
59740,84.6165545349268
59752,84.585676770171
59764,84.5795012172198
59776,84.4498146052452
59788,84.4498146052452
59800,84.406585734587
59812,84.4127612875381
59824,84.3386546521241
59836,84.2768991226124
59848,84.2830746755635
59860,84.2707235696612
59872,84.2768991226124
59884,84.2398458049053
59896,84.1657391694913
59908,84.1966169342471
59920,84.2089680401495
59932,84.1595636165401
59944,84.1348614047354
59956,84.1101591929307
59968,84.1101591929307
59980,84.1163347458819
59992,84.1039836399795
60004,84.085456981126
60016,84.011350345712
60028,84.0607547693213
60040,84.0422281104678
60052,84.0545792163702
60066,84.0545792163702
60096,83.9372437102979
60118,84.3109998726382
60130,85.6389796091805
60142,90.5988295089177
60154,97.4425576395637
60166,99.8514511151521
60178,100.147930312148
60240,97.4838145635746
60252,88.9365456333629
60264,86.4600609216469
60276,85.8548352315019
60288,85.6819136057462
60300,85.4657615735515
60312,85.2249064519632
60324,85.11991832204
60336,84.9902271027233
60348,84.7987781599223
60360,84.6937900299991
60372,84.5208684042434
60384,84.3417710061393
60396,84.2367828762162
60408,84.0947401122025
60420,83.983576209931
60432,83.9588731205373
60444,83.7241937712974
60456,83.6439087307679
60468,83.6130298690259
60480,83.4648113326638
60492,83.4339324709217
60504,83.3783505197859
60516,83.2239562110755
60528,83.2301319834239
60540,83.1930773493334
60552,83.0633861300166
60564,83.0757376747134
60576,83.0078041788808
60588,82.9028160489577
60600,82.8719371872156
60612,82.9398706830482
60628,82.7916521466861
60658,82.7793006019893
60670,82.6496093826725
60682,82.6557851550209
60694,82.6187305209304
60706,82.538445480401
60718,82.5755001144915
60740,82.9119653519064
60752,84.1967541735143
60764,89.5829842333317
60776,96.7605064001985
60788,99.6512812488161
60800,100.188668880931
60862,97.0788203903919
60874,87.6611021398546
60886,85.0303165826553
60898,84.4127612875381
60910,84.0916325340772
60922,83.9557703691514
60934,83.6469927215928
60946,83.5543594273252
60958,83.3567417328877
60970,83.1776506973037
60982,83.0294374264756
60994,82.862697496794
61006,82.7453619907217
61018,82.4921643197237
61030,82.4118821313584
61042,82.2574933075791
61054,82.2204399898721
61066,81.9734178718252
61078,82.0104711895322
61090,81.8066779421436
61102,81.8066779421436
61114,81.6461135654131
61126,81.6522891183643
61138,81.4299692121221
61150,81.5102514004873
61162,81.355862576708
61174,81.3496870237568
61190,81.2570537294893
61220,81.2200004117822
61232,81.1088404586611
61244,80.9915049525889
61256,81.0162071643935
61268,80.9297494230771
61280,80.8741694465166
61292,80.8926961053701
61304,80.7691850463467
61316,80.8556427876631
61328,80.6580250932256
61340,80.7630094933955
61362,81.0310183037364
61374,82.414686179682
61386,87.5478469158907
61398,95.5039372025778
61410,99.1793049980582
61422,100.186170461358
61484,96.8230069222937
61496,86.3736001087691
61508,83.5203932837996
61520,82.7669490572925
61532,82.4149300334326
61544,82.1184929607085
61556,81.9888017413917
61568,81.7294193027581
61580,81.6120796281381
61592,81.4638610917761
61604,81.1427209296583
61616,81.0562601167805
61628,80.8092292228437
61640,80.7598230440563
61652,80.6177802800427
61664,80.3831009308028
61676,80.3769251584544
61688,80.1854762156534
61720,80.5647550047383
61732,81.7939520023342
61744,90.0091882174227
61766,97.3411321176559
61788,100.176315142262
61850,96.8626760371009
61862,86.0925116902569
61874,82.8071175202334
61906,82.0071094459857
61918,88.6099482290729
61930,95.6266225579663
61942,99.6846815668422
61954,100.14175366221
62016,96.7453405310286
62028,87.8154909636339
62040,85.2526364888975
62052,84.7894700175596
62064,84.6289056408292
62076,84.6474322996827
62088,84.6721345114874
62100,84.6165545349268
62112,84.5671501113174
62124,84.5486234524639
62136,84.4683412640987
62148,84.4559901581964
62160,84.4498146052452
62172,84.4498146052452
62184,84.3942346286846
62196,84.3201279932706
62208,84.3016013344171
62220,84.3077768873682
62232,84.3201279932706
62244,84.2583724637588
62256,84.1842658283448
62268,84.1842658283448
62280,84.2398458049053
62292,84.2151435931006
62302,84.1595636165401
62316,84.1101591929307
62346,84.1533880635889
62358,84.1039836399795
62370,84.0978080870284
62382,84.1780902753936
62394,84.1039836399795
62406,84.0607547693213
62418,84.0545792163702
62430,84.1039836399795
62442,84.085456981126
62454,84.0298770045655
62466,84.0175258986631
62478,84.048403663419
62490,84.0607547693213
62502,84.0731058752237
62524,84.4468861712611
62536,85.6636862089301
62548,90.7717757071651
62560,97.5413840385622
62572,99.8761577149018
62584,100.160283612022
62646,97.3011402966341
62658,88.7294728004074
62670,86.4753959732296
62682,85.9442984194288
62694,85.6416963248214
62706,85.4749563951397
62718,85.3823231008722
62730,85.1661787475811
62742,85.0735454533136
62754,84.8882788647784
62766,84.6536078526339
62778,84.6103789819757
62790,84.4312879463917
62802,84.2460213578565
62814,84.2151435931006
62826,84.0298770045655
62838,83.906365945542
62850,83.9310681573467
62862,83.7334504629092
62878,83.6346416156905
62908,83.5420083214229
62920,83.3937950505948
62932,83.3258639681319
62944,83.2085284620596
62956,83.2270551209131
62968,83.1467729325479
62980,83.0850174030362
62992,83.078841850085
63004,82.9923841087686
63016,82.8873997085987
63028,82.9553307910616
63040,82.9121019204034
63052,82.8194686261358
63064,82.8132930731846
63076,82.8132930731846
63088,82.6959575671123
63100,82.6897820141612
63112,82.7268353318682
63124,82.6403775905518
63146,83.0478564772688
63158,84.326468429542
63170,89.4594468466386
63182,96.8840437868916
63194,99.6945193341587
63206,100.176315142262
63268,97.1997290355473
63280,87.6643365295886
63292,85.1446214114337
63304,84.4714622254561
63316,84.2244313315193
63328,83.9403458034921
63340,83.8291819012205
63352,83.5450963731932
63364,83.4586355603154
63376,83.2363077557723
63388,83.1313196258492
63400,82.8842887319124
63412,82.8287067807767
63424,82.6496093826725
63440,82.5507970250978
63470,82.2481841800253
63482,82.0320321478306
63494,82.0752625542696
63506,81.8714620667717
63518,81.8529347497265
63530,81.7047162133644
63542,81.6923646686676
63554,81.5688492216992
63566,81.550321904654
63578,81.5132672705634
63590,81.3897518235951
63602,81.3774002788982
63614,81.2909394660204
63626,81.3712245065498
63638,81.1983028807941
63650,81.241533287233
63662,81.0994905232194
63674,81.1427209296583
63686,81.0315570273868
63698,81.0809632061741
63710,80.9574477592057
63722,80.9636235315542
63734,80.9080415804184
63746,80.8339323122374
63768,81.2009725462075
63780,82.5660606691659
63792,87.9893519449912
63804,95.8710372160085
63816,99.3239071740795
63828,100.2010226196
63890,96.7056672476738
63902,86.4415336046017
63914,83.600678324329
63926,82.8842887319124
63938,82.5260939357041
63950,82.3716996269937
63962,82.0629110095727
63974,81.9023409285138
63986,81.698540441016
64002,81.4391580023824
64032,81.2044786531425
64044,80.8833384910247
64056,80.7659988164048
64068,80.6671864588301
64080,80.518967922468
64092,80.4695617436807
64104,80.3089916626218
64116,80.1545973539113
64128,80.1916519880018
64140,79.987851500504
64162,80.3391843657636
64174,81.7228522417092
64186,89.0365253002786
64198,96.0536980997168
64210,99.4140343698704
64222,100.173816283894
64284,96.6341805779075
64296,85.7590318308936
64308,82.6527286964541
64340,81.9021063970498
64352,88.5172984800118
64364,95.3363200109082
64376,99.5858551678437
64388,100.147930312148
64450,96.399509565763
64462,87.3646755981984
64474,84.9253321824854
64486,84.5115701347569
64498,84.3818835227823
64510,84.2892502285147
64522,84.2521969108077
64534,84.1719147224424
64546,84.1348614047354
64558,84.1163347458819
64580,84.0545792163702
64602,83.9372437102979
64614,83.9001903925909
64626,83.9125414984932
64638,83.9001903925909
64650,83.8075570983233
64662,83.7952059924209
64674,83.7766793335674
64686,83.7643282276651
64698,83.6840460392999
64710,83.6655193804463
64722,83.7149238040557
64734,83.7149238040557
64746,83.5790616391299
64758,83.5543594273252
64770,83.6469927215928
64782,83.6222905097881
64794,83.5481838743741
64806,83.511130556667
64818,83.5790616391299
64830,83.6284660627393
64842,83.5049550037159
64854,83.4926038978135
64866,83.5358327684717
64878,83.5420083214229
64890,83.5049550037159
64902,83.4555505801065
64914,83.5296572155206
64926,83.5420083214229
64938,83.4493750271553
64960,83.8570263601083
64972,85.2591756990746
64984,90.6206982815534
64996,97.5511456750341
65008,99.8921791528676
65020,100.126900187584
65082,97.3505447202435
65094,88.5318551059699
65106,86.0739850314034
65116,85.4873075010421
65130,85.16000319463
65160,84.9623855001925
65172,84.585676770171
65184,84.5486234524639
65196,84.2892502285147
65208,84.1966169342471
65220,84.1039836399795
65232,83.8816637337374
65244,83.7952059924209
65256,83.6222905097881
65268,83.5852371920811
65280,83.4617261330577
65292,83.3567417328877
65304,83.3258639681319
65316,83.1467729325479
65328,83.1838262502549
65340,83.0294374264756
65352,83.0294374264756
65364,82.9244530263057
65376,82.825644179087
65388,82.8565219438428
65400,82.7577130966241
65412,82.7577130966241
65424,82.6959575671123
65436,82.646553143503
65448,82.6527286964541
65460,82.4798132138213
65472,82.5477442962842
65484,82.4921643197237
65496,82.3933554725049
65508,82.4365843431631
65520,82.3068977311885
65532,82.3439510488955
65544,82.3439510488955
65556,82.2080888839698
65568,82.325424390042
65590,82.5722375385005
65602,84.023801832144
65614,89.5397461479891
65626,96.982873696246
65638,99.7006962034933
65650,100.145430795588
65730,85.7621986462756
65742,84.397352957275
65754,84.0329823887183
65766,83.6933149095553
65778,83.4771628773606
65790,83.335120113347
65802,83.1807258046365
65814,82.995452634184
65826,82.8410583254735
65838,82.6434336103241
65850,82.5940274315367
65862,82.3469965376
65874,82.3284692205547
65886,82.081438326618
65898,82.0320321478306
65910,81.8591105220749
65922,81.8467589773781
65934,81.7355950751065
65946,81.6491342622287
65958,81.5626734493508
65970,81.4762126364729
65982,81.4638610917761
65994,81.3341698724593
66006,81.358872961853
66018,81.1797755637488
66030,81.2044786531425
66042,81.0809632061741
66054,81.1488967020067
66066,80.9450962145089
66078,81.0315570273868
66090,80.8895142633731
66102,80.9327446698121
66114,80.8030534504953
66126,80.8833384910247
66138,80.7351199546627
66150,80.78452613345
66162,80.636307597088
66174,80.7351199546627
66186,80.6054287353459
66198,80.6733622311785
66220,81.0063099488088
66232,82.2726131388483
66244,88.1037849017617
66266,97.0358552080889
66288,100.16146210643
66350,96.9279950522169
66362,86.7688495390679
66374,83.5142175114512
66386,82.6804882444146
66398,82.4458088951747
66410,82.0135048307854
66422,81.889989383817
66434,81.7047162133644
66446,81.4515095470793
66458,81.2847636936719
66470,81.2230059701878
66482,80.9142173527668
66494,80.827756539889
66506,80.7783503611016
66518,80.4819132883775
66530,80.3954524754996
66542,80.3831009308028
66554,80.1113669474724
66580,80.5244970277206
66592,81.9452274360576
66604,90.7043392578916
66616,96.7146465940301
66628,99.6425866529507
66640,100.155285017698